object_type,entry_time,exit_time,zone_of_entrance,zone_of_exit,camera_id
male,05.09.2025 00:15:54,05.09.2025 00:20:47,Entrance 1,Entrance 2,1
male,05.09.2025 00:45:34,05.09.2025 00:49:09,Entrance 1,Entrance 1,1
male,05.09.2025 00:56:45,05.09.2025 01:01:18,Entrance 1,Entrance 2,1
car,05.09.2025 00:25:07,05.09.2025 01:50:55,None,None,1
male,05.09.2025 02:08:13,05.09.2025 02:13:10,Entrance 1,Entrance 1,1
male,05.09.2025 02:15:52,05.09.2025 02:19:29,Entrance 1,Entrance 2,1
male,05.09.2025 02:33:03,05.09.2025 02:42:28,Entrance 1,None,2
male,05.09.2025 02:48:16,05.09.2025 02:52:41,Entrance 1,Entrance 1,2
car,05.09.2025 02:25:18,05.09.2025 02:53:05,None,None,1
male,05.09.2025 02:47:24,05.09.2025 02:55:24,Entrance 1,Entrance 2,1
car,05.09.2025 02:10:37,05.09.2025 03:09:19,None,None,1
female,05.09.2025 04:41:13,05.09.2025 04:51:13,Entrance 1,Entrance 1,1
male,05.09.2025 05:20:29,05.09.2025 05:25:08,Entrance 1,Entrance 1,2
female,05.09.2025 05:37:39,05.09.2025 05:40:39,Entrance 1,Entrance 1,2
male,05.09.2025 05:43:34,05.09.2025 05:46:34,Entrance 1,Entrance 1,2
female,05.09.2025 05:46:02,05.09.2025 05:50:47,Entrance 2,Entrance 2,1
car,05.09.2025 04:42:27,05.09.2025 06:38:50,None,None,1
female,05.09.2025 07:00:13,05.09.2025 07:03:13,Entrance 1,Entrance 2,1
male,05.09.2025 07:00:03,05.09.2025 07:03:50,None,Entrance 1,2
female,05.09.2025 07:00:40,05.09.2025 07:04:20,Entrance 1,Entrance 2,1
male,05.09.2025 07:00:20,05.09.2025 07:07:28,Entrance 1,Entrance 2,1
male,05.09.2025 07:05:44,05.09.2025 07:08:44,Entrance 1,Entrance 1,1
male,05.09.2025 07:04:02,05.09.2025 07:09:45,Entrance 2,Entrance 2,1
male,05.09.2025 07:04:19,05.09.2025 07:11:13,Entrance 1,Entrance 1,1
male,05.09.2025 07:08:00,05.09.2025 07:12:09,Entrance 1,Entrance 1,1
female,05.09.2025 07:08:35,05.09.2025 07:13:19,Entrance 2,Entrance 2,1
male,05.09.2025 07:10:54,05.09.2025 07:15:44,Entrance 2,Entrance 2,1
male,05.09.2025 07:06:36,05.09.2025 07:16:36,Entrance 2,Entrance 2,1
male,05.09.2025 07:13:58,05.09.2025 07:18:35,Entrance 1,None,1
male,05.09.2025 07:16:41,05.09.2025 07:19:41,Entrance 2,Entrance 1,1
male,05.09.2025 07:16:34,05.09.2025 07:21:32,Entrance 1,Entrance 1,2
female,05.09.2025 07:11:34,05.09.2025 07:21:34,Entrance 2,Entrance 1,1
male,05.09.2025 07:23:53,05.09.2025 07:30:40,Entrance 1,Entrance 1,2
car,05.09.2025 03:59:38,05.09.2025 07:30:55,None,None,2
male,05.09.2025 07:25:12,05.09.2025 07:33:11,Entrance 2,Entrance 1,1
male,05.09.2025 07:28:52,05.09.2025 07:33:41,Entrance 1,Entrance 2,1
female,05.09.2025 07:31:27,05.09.2025 07:34:37,Entrance 1,Entrance 1,2
female,05.09.2025 07:29:32,05.09.2025 07:35:20,Entrance 1,None,2
male,05.09.2025 07:34:36,05.09.2025 07:38:19,Entrance 1,Entrance 1,1
male,05.09.2025 07:35:29,05.09.2025 07:39:00,Entrance 1,Entrance 1,2
male,05.09.2025 07:35:12,05.09.2025 07:40:57,Entrance 1,Entrance 1,1
female,05.09.2025 07:36:55,05.09.2025 07:42:28,Entrance 1,Entrance 1,1
male,05.09.2025 07:35:55,05.09.2025 07:44:19,Entrance 2,Entrance 1,1
female,05.09.2025 07:40:09,05.09.2025 07:45:03,Entrance 1,Entrance 2,1
car,05.09.2025 07:16:26,05.09.2025 07:45:38,None,None,2
female,05.09.2025 07:42:45,05.09.2025 07:50:42,Entrance 1,Entrance 1,2
car,05.09.2025 07:00:00,05.09.2025 07:57:08,None,None,1
male,05.09.2025 07:54:02,05.09.2025 07:59:02,Entrance 1,Entrance 1,2
male,05.09.2025 08:00:18,05.09.2025 08:03:34,Entrance 1,Entrance 1,1
female,05.09.2025 08:00:50,05.09.2025 08:04:02,Entrance 1,Entrance 1,1
male,05.09.2025 08:01:57,05.09.2025 08:06:39,Entrance 1,Entrance 1,1
female,05.09.2025 08:02:12,05.09.2025 08:07:08,Entrance 2,Entrance 2,1
male,05.09.2025 08:00:06,05.09.2025 08:07:15,Entrance 1,Entrance 2,1
male,05.09.2025 08:00:20,05.09.2025 08:07:50,Entrance 2,Entrance 2,1
female,05.09.2025 08:01:36,05.09.2025 08:08:09,Entrance 1,Entrance 1,1
female,05.09.2025 08:01:59,05.09.2025 08:08:24,Entrance 2,Entrance 1,1
male,05.09.2025 08:05:25,05.09.2025 08:08:43,Entrance 1,Entrance 1,2
male,05.09.2025 08:05:09,05.09.2025 08:08:55,Entrance 1,Entrance 1,1
female,05.09.2025 08:03:15,05.09.2025 08:09:59,Entrance 2,Entrance 1,1
male,05.09.2025 08:03:57,05.09.2025 08:10:15,Entrance 1,None,1
car,05.09.2025 07:01:36,05.09.2025 08:10:26,None,None,2
female,05.09.2025 08:04:13,05.09.2025 08:10:57,Entrance 2,Entrance 1,1
male,05.09.2025 08:04:52,05.09.2025 08:11:00,Entrance 1,Entrance 1,1
female,05.09.2025 08:05:31,05.09.2025 08:11:32,Entrance 1,Entrance 1,2
female,05.09.2025 08:05:23,05.09.2025 08:11:44,Entrance 1,None,1
car,05.09.2025 07:44:41,05.09.2025 08:11:51,None,None,1
male,05.09.2025 08:06:47,05.09.2025 08:11:59,Entrance 2,Entrance 1,1
male,05.09.2025 08:07:42,05.09.2025 08:13:03,Entrance 1,Entrance 2,1
female,05.09.2025 08:06:09,05.09.2025 08:13:34,Entrance 1,Entrance 1,1
male,05.09.2025 08:06:10,05.09.2025 08:13:39,Entrance 2,Entrance 1,1
male,05.09.2025 08:09:47,05.09.2025 08:14:40,Entrance 1,Entrance 1,1
male,05.09.2025 08:10:48,05.09.2025 08:16:11,Entrance 1,Entrance 1,2
male,05.09.2025 08:12:32,05.09.2025 08:16:48,Entrance 1,Entrance 1,1
male,05.09.2025 08:09:29,05.09.2025 08:17:32,Entrance 1,Entrance 1,2
male,05.09.2025 08:10:45,05.09.2025 08:18:24,Entrance 1,Entrance 1,2
male,05.09.2025 08:14:05,05.09.2025 08:18:25,None,Entrance 1,1
male,05.09.2025 08:09:51,05.09.2025 08:18:30,Entrance 2,None,1
male,05.09.2025 08:14:55,05.09.2025 08:18:49,Entrance 1,Entrance 1,1
female,05.09.2025 08:13:27,05.09.2025 08:19:39,Entrance 2,Entrance 1,1
male,05.09.2025 08:17:43,05.09.2025 08:20:43,Entrance 1,Entrance 2,1
male,05.09.2025 08:11:27,05.09.2025 08:21:27,Entrance 1,Entrance 1,1
male,05.09.2025 08:16:17,05.09.2025 08:21:42,Entrance 1,Entrance 1,1
female,05.09.2025 08:12:11,05.09.2025 08:22:11,Entrance 1,Entrance 1,2
male,05.09.2025 08:18:04,05.09.2025 08:22:11,Entrance 1,Entrance 2,1
male,05.09.2025 08:14:59,05.09.2025 08:22:22,Entrance 1,Entrance 1,2
male,05.09.2025 08:15:44,05.09.2025 08:23:00,Entrance 1,Entrance 1,1
female,05.09.2025 08:15:36,05.09.2025 08:23:11,Entrance 1,Entrance 1,2
male,05.09.2025 08:20:51,05.09.2025 08:25:23,Entrance 1,Entrance 2,1
female,05.09.2025 08:19:38,05.09.2025 08:26:33,Entrance 1,Entrance 2,1
female,05.09.2025 08:18:01,05.09.2025 08:27:33,Entrance 2,Entrance 2,1
car,05.09.2025 07:25:20,05.09.2025 08:27:46,None,None,2
male,05.09.2025 08:22:04,05.09.2025 08:27:49,Entrance 1,Entrance 1,2
female,05.09.2025 08:26:28,05.09.2025 08:29:28,Entrance 1,Entrance 1,1
female,05.09.2025 08:21:38,05.09.2025 08:29:47,Entrance 2,Entrance 1,1
male,05.09.2025 08:24:08,05.09.2025 08:29:56,Entrance 1,Entrance 2,1
male,05.09.2025 08:23:16,05.09.2025 08:30:34,Entrance 1,Entrance 1,2
male,05.09.2025 08:27:17,05.09.2025 08:30:38,Entrance 1,Entrance 1,2
male,05.09.2025 08:20:53,05.09.2025 08:30:53,Entrance 2,Entrance 1,1
car,05.09.2025 07:54:25,05.09.2025 08:30:55,None,None,2
male,05.09.2025 08:24:56,05.09.2025 08:32:01,Entrance 2,Entrance 1,1
female,05.09.2025 08:25:26,05.09.2025 08:32:16,Entrance 1,Entrance 1,1
male,05.09.2025 08:22:24,05.09.2025 08:32:24,Entrance 2,Entrance 2,1
male,05.09.2025 08:29:16,05.09.2025 08:34:04,Entrance 1,Entrance 1,1
male,05.09.2025 08:26:21,05.09.2025 08:34:19,Entrance 1,None,2
male,05.09.2025 08:33:09,05.09.2025 08:36:09,Entrance 1,Entrance 1,2
female,05.09.2025 08:34:44,05.09.2025 08:38:18,Entrance 1,Entrance 1,2
male,05.09.2025 08:28:57,05.09.2025 08:38:57,Entrance 2,Entrance 1,1
male,05.09.2025 08:33:51,05.09.2025 08:39:40,Entrance 1,Entrance 1,1
male,05.09.2025 08:34:09,05.09.2025 08:40:50,Entrance 1,Entrance 2,1
male,05.09.2025 08:34:38,05.09.2025 08:41:33,Entrance 1,Entrance 1,2
car,05.09.2025 07:58:54,05.09.2025 08:41:52,None,None,2
female,05.09.2025 08:39:02,05.09.2025 08:43:12,Entrance 1,Entrance 2,1
male,05.09.2025 08:38:30,05.09.2025 08:43:31,None,Entrance 1,2
male,05.09.2025 08:36:49,05.09.2025 08:44:21,Entrance 1,Entrance 2,1
car,05.09.2025 08:04:46,05.09.2025 08:44:24,None,None,1
female,05.09.2025 08:40:07,05.09.2025 08:45:15,Entrance 1,Entrance 2,1
male,05.09.2025 08:42:27,05.09.2025 08:48:39,Entrance 1,Entrance 1,2
female,05.09.2025 08:47:42,05.09.2025 08:56:42,Entrance 1,Entrance 1,2
male,05.09.2025 08:52:10,05.09.2025 08:56:43,Entrance 1,Entrance 1,2
male,05.09.2025 08:50:17,05.09.2025 08:56:49,Entrance 1,Entrance 1,2
male,05.09.2025 08:54:49,05.09.2025 08:57:49,Entrance 1,None,2
male,05.09.2025 08:54:57,05.09.2025 09:00:20,Entrance 1,None,2
car,05.09.2025 07:31:00,05.09.2025 09:01:46,None,None,1
female,05.09.2025 08:56:52,05.09.2025 09:03:03,Entrance 1,Entrance 1,2
male,05.09.2025 08:58:11,05.09.2025 09:03:10,None,Entrance 1,2
male,05.09.2025 08:58:52,05.09.2025 09:03:15,None,Entrance 1,2
female,05.09.2025 09:00:10,05.09.2025 09:03:49,Entrance 1,None,1
male,05.09.2025 09:00:25,05.09.2025 09:03:53,Entrance 1,Entrance 1,1
female,05.09.2025 09:02:09,05.09.2025 09:05:20,Entrance 1,Entrance 1,1
male,05.09.2025 09:02:15,05.09.2025 09:05:23,Entrance 1,Entrance 1,2
female,05.09.2025 09:00:27,05.09.2025 09:05:52,Entrance 1,Entrance 2,1
male,05.09.2025 09:02:22,05.09.2025 09:05:53,Entrance 2,Entrance 1,1
male,05.09.2025 09:03:08,05.09.2025 09:06:08,Entrance 1,Entrance 1,1
female,05.09.2025 09:01:06,05.09.2025 09:06:37,Entrance 2,Entrance 2,1
male,05.09.2025 09:03:54,05.09.2025 09:07:13,Entrance 1,Entrance 1,1
female,05.09.2025 09:01:51,05.09.2025 09:07:56,Entrance 1,Entrance 2,1
male,05.09.2025 09:01:39,05.09.2025 09:08:07,Entrance 1,Entrance 2,1
male,05.09.2025 09:04:39,05.09.2025 09:08:44,None,Entrance 1,1
female,05.09.2025 09:05:25,05.09.2025 09:09:07,Entrance 1,Entrance 2,1
male,05.09.2025 09:00:03,05.09.2025 09:09:31,Entrance 2,Entrance 1,1
female,05.09.2025 09:05:08,05.09.2025 09:09:40,Entrance 1,Entrance 1,2
female,05.09.2025 09:00:39,05.09.2025 09:09:42,Entrance 2,Entrance 1,1
female,05.09.2025 09:04:57,05.09.2025 09:10:08,Entrance 1,Entrance 1,1
male,05.09.2025 09:03:56,05.09.2025 09:10:12,None,Entrance 2,1
male,05.09.2025 09:04:03,05.09.2025 09:10:17,Entrance 2,Entrance 2,1
male,05.09.2025 09:03:13,05.09.2025 09:10:30,Entrance 2,Entrance 1,1
male,05.09.2025 09:05:27,05.09.2025 09:10:35,None,Entrance 1,2
male,05.09.2025 09:04:45,05.09.2025 09:10:39,Entrance 1,Entrance 1,1
male,05.09.2025 09:00:51,05.09.2025 09:10:51,Entrance 2,Entrance 1,1
car,05.09.2025 08:44:47,05.09.2025 09:12:20,None,None,1
male,05.09.2025 09:03:49,05.09.2025 09:12:30,Entrance 1,None,2
car,05.09.2025 08:42:46,05.09.2025 09:12:35,None,None,1
male,05.09.2025 09:08:04,05.09.2025 09:12:43,Entrance 1,Entrance 2,1
male,05.09.2025 09:09:15,05.09.2025 09:13:23,None,Entrance 2,1
male,05.09.2025 09:07:01,05.09.2025 09:13:27,Entrance 1,Entrance 2,1
male,05.09.2025 09:04:54,05.09.2025 09:14:18,Entrance 2,Entrance 1,1
male,05.09.2025 09:09:19,05.09.2025 09:14:36,Entrance 1,Entrance 1,2
male,05.09.2025 09:08:51,05.09.2025 09:14:50,Entrance 1,Entrance 1,2
car,05.09.2025 08:21:34,05.09.2025 09:14:53,None,None,2
male,05.09.2025 09:05:15,05.09.2025 09:15:15,Entrance 2,Entrance 1,1
female,05.09.2025 09:08:19,05.09.2025 09:15:18,Entrance 2,Entrance 1,1
female,05.09.2025 09:10:00,05.09.2025 09:15:25,Entrance 1,Entrance 1,1
male,05.09.2025 09:05:51,05.09.2025 09:15:42,Entrance 2,Entrance 1,1
male,05.09.2025 09:06:00,05.09.2025 09:16:00,Entrance 2,Entrance 1,1
car,05.09.2025 07:50:16,05.09.2025 09:16:20,None,None,1
male,05.09.2025 09:13:35,05.09.2025 09:16:35,None,Entrance 1,1
male,05.09.2025 09:10:51,05.09.2025 09:16:43,Entrance 1,Entrance 2,1
male,05.09.2025 09:13:02,05.09.2025 09:16:45,Entrance 1,Entrance 2,1
female,05.09.2025 09:12:52,05.09.2025 09:16:47,Entrance 2,Entrance 1,1
female,05.09.2025 09:13:50,05.09.2025 09:16:50,Entrance 1,Entrance 2,1
female,05.09.2025 09:07:25,05.09.2025 09:17:05,Entrance 1,Entrance 1,1
male,05.09.2025 09:10:10,05.09.2025 09:17:42,Entrance 1,Entrance 2,1
male,05.09.2025 09:11:06,05.09.2025 09:17:45,Entrance 1,Entrance 1,2
female,05.09.2025 09:16:26,05.09.2025 09:20:04,Entrance 1,Entrance 2,1
male,05.09.2025 09:10:10,05.09.2025 09:20:10,Entrance 2,Entrance 2,1
female,05.09.2025 09:14:51,05.09.2025 09:20:20,Entrance 1,Entrance 1,2
male,05.09.2025 09:10:36,05.09.2025 09:20:32,Entrance 2,Entrance 2,1
car,05.09.2025 08:10:42,05.09.2025 09:20:59,None,None,1
male,05.09.2025 09:17:02,05.09.2025 09:21:14,Entrance 1,Entrance 2,1
male,05.09.2025 09:11:18,05.09.2025 09:21:18,Entrance 2,Entrance 2,1
male,05.09.2025 09:18:29,05.09.2025 09:21:29,Entrance 1,Entrance 2,1
female,05.09.2025 09:14:37,05.09.2025 09:21:49,Entrance 2,Entrance 1,1
female,05.09.2025 09:14:41,05.09.2025 09:21:51,Entrance 2,Entrance 2,1
male,05.09.2025 09:18:53,05.09.2025 09:22:00,Entrance 1,Entrance 1,2
female,05.09.2025 09:17:49,05.09.2025 09:22:17,Entrance 2,Entrance 1,1
male,05.09.2025 09:14:01,05.09.2025 09:22:26,Entrance 1,Entrance 2,1
male,05.09.2025 09:12:30,05.09.2025 09:22:30,Entrance 2,Entrance 2,1
male,05.09.2025 09:18:05,05.09.2025 09:23:01,Entrance 1,Entrance 2,1
female,05.09.2025 09:15:49,05.09.2025 09:24:34,Entrance 2,Entrance 2,1
female,05.09.2025 09:21:26,05.09.2025 09:25:05,Entrance 1,None,1
female,05.09.2025 09:15:49,05.09.2025 09:25:36,Entrance 2,None,1
male,05.09.2025 09:22:34,05.09.2025 09:26:08,Entrance 1,Entrance 1,1
car,05.09.2025 07:59:11,05.09.2025 09:26:17,None,None,2
male,05.09.2025 09:21:00,05.09.2025 09:26:21,Entrance 1,Entrance 1,1
male,05.09.2025 09:21:28,05.09.2025 09:26:30,Entrance 1,Entrance 1,2
female,05.09.2025 09:21:39,05.09.2025 09:26:45,Entrance 1,Entrance 1,2
female,05.09.2025 09:17:55,05.09.2025 09:26:47,Entrance 2,None,1
female,05.09.2025 09:24:32,05.09.2025 09:27:38,Entrance 1,Entrance 2,1
male,05.09.2025 09:20:38,05.09.2025 09:27:51,Entrance 1,Entrance 1,2
female,05.09.2025 09:22:33,05.09.2025 09:28:14,Entrance 1,Entrance 2,1
male,05.09.2025 09:21:22,05.09.2025 09:28:16,Entrance 1,Entrance 2,1
male,05.09.2025 09:22:13,05.09.2025 09:28:32,Entrance 1,Entrance 1,1
female,05.09.2025 09:22:02,05.09.2025 09:28:55,Entrance 1,Entrance 1,2
female,05.09.2025 09:22:05,05.09.2025 09:29:05,Entrance 1,Entrance 1,1
male,05.09.2025 09:27:07,05.09.2025 09:30:07,Entrance 1,Entrance 2,1
male,05.09.2025 09:23:23,05.09.2025 09:30:34,Entrance 1,Entrance 1,2
male,05.09.2025 09:20:39,05.09.2025 09:30:39,Entrance 2,Entrance 2,1
male,05.09.2025 09:20:50,05.09.2025 09:30:50,Entrance 1,Entrance 1,2
female,05.09.2025 09:24:34,05.09.2025 09:31:40,Entrance 1,Entrance 1,2
male,05.09.2025 09:21:44,05.09.2025 09:31:44,Entrance 2,Entrance 1,1
male,05.09.2025 09:28:14,05.09.2025 09:31:56,Entrance 1,Entrance 2,1
female,05.09.2025 09:28:15,05.09.2025 09:32:51,Entrance 1,Entrance 1,2
female,05.09.2025 09:27:47,05.09.2025 09:33:31,Entrance 1,Entrance 2,1
male,05.09.2025 09:30:24,05.09.2025 09:34:37,Entrance 1,Entrance 1,2
male,05.09.2025 09:27:37,05.09.2025 09:34:37,Entrance 1,Entrance 1,2
male,05.09.2025 09:27:52,05.09.2025 09:34:45,Entrance 1,None,2
male,05.09.2025 09:30:47,05.09.2025 09:35:23,Entrance 1,Entrance 1,1
female,05.09.2025 09:27:42,05.09.2025 09:35:35,Entrance 1,Entrance 1,2
male,05.09.2025 09:30:25,05.09.2025 09:35:42,Entrance 2,Entrance 2,1
male,05.09.2025 09:29:56,05.09.2025 09:35:57,Entrance 1,Entrance 1,1
male,05.09.2025 09:32:14,05.09.2025 09:36:09,None,Entrance 2,1
female,05.09.2025 09:32:53,05.09.2025 09:36:17,Entrance 1,Entrance 1,1
car,05.09.2025 08:31:05,05.09.2025 09:36:33,None,None,1
male,05.09.2025 09:33:32,05.09.2025 09:36:52,Entrance 1,Entrance 1,1
female,05.09.2025 09:29:38,05.09.2025 09:38:20,Entrance 2,Entrance 2,1
car,05.09.2025 08:35:14,05.09.2025 09:38:28,None,None,2
female,05.09.2025 09:33:32,05.09.2025 09:38:30,Entrance 1,Entrance 1,1
male,05.09.2025 09:35:43,05.09.2025 09:38:43,None,Entrance 1,1
male,05.09.2025 09:35:30,05.09.2025 09:38:48,Entrance 1,None,1
male,05.09.2025 09:30:16,05.09.2025 09:40:08,Entrance 1,Entrance 1,2
female,05.09.2025 09:33:43,05.09.2025 09:40:34,Entrance 2,Entrance 2,1
male,05.09.2025 09:35:49,05.09.2025 09:40:48,Entrance 1,Entrance 1,1
male,05.09.2025 09:36:43,05.09.2025 09:40:53,Entrance 1,Entrance 1,2
male,05.09.2025 09:34:24,05.09.2025 09:40:56,Entrance 1,Entrance 1,2
male,05.09.2025 09:32:03,05.09.2025 09:41:31,Entrance 2,Entrance 1,1
female,05.09.2025 09:36:48,05.09.2025 09:41:34,Entrance 1,Entrance 1,2
male,05.09.2025 09:38:15,05.09.2025 09:41:39,Entrance 1,Entrance 1,1
car,05.09.2025 07:20:31,05.09.2025 09:41:56,None,None,2
female,05.09.2025 09:38:30,05.09.2025 09:42:00,Entrance 1,Entrance 2,1
car,05.09.2025 08:06:13,05.09.2025 09:42:13,None,None,1
female,05.09.2025 09:34:59,05.09.2025 09:42:18,Entrance 2,Entrance 2,1
male,05.09.2025 09:39:30,05.09.2025 09:42:30,Entrance 1,Entrance 1,1
female,05.09.2025 09:38:02,05.09.2025 09:43:13,Entrance 1,Entrance 2,1
female,05.09.2025 09:34:46,05.09.2025 09:43:28,Entrance 1,Entrance 1,2
male,05.09.2025 09:37:28,05.09.2025 09:43:41,Entrance 2,Entrance 2,1
female,05.09.2025 09:37:38,05.09.2025 09:43:51,Entrance 1,Entrance 1,1
male,05.09.2025 09:36:04,05.09.2025 09:44:05,Entrance 1,Entrance 1,2
car,05.09.2025 08:25:44,05.09.2025 09:44:21,None,None,1
female,05.09.2025 09:39:48,05.09.2025 09:44:25,Entrance 1,Entrance 1,2
female,05.09.2025 09:41:09,05.09.2025 09:45:13,Entrance 1,Entrance 1,1
male,05.09.2025 09:37:14,05.09.2025 09:46:35,Entrance 1,Entrance 1,1
male,05.09.2025 09:36:47,05.09.2025 09:46:47,Entrance 2,Entrance 2,1
female,05.09.2025 09:40:37,05.09.2025 09:48:30,Entrance 2,Entrance 2,1
female,05.09.2025 09:38:34,05.09.2025 09:48:34,Entrance 2,Entrance 1,1
male,05.09.2025 09:39:13,05.09.2025 09:49:13,Entrance 2,Entrance 2,1
car,05.09.2025 08:59:01,05.09.2025 09:50:47,None,None,1
male,05.09.2025 09:41:05,05.09.2025 09:51:05,Entrance 1,Entrance 1,2
female,05.09.2025 09:46:13,05.09.2025 09:52:49,Entrance 1,Entrance 1,2
male,05.09.2025 09:46:58,05.09.2025 09:53:55,Entrance 1,Entrance 1,2
car,05.09.2025 08:06:41,05.09.2025 09:54:28,None,None,2
female,05.09.2025 09:51:29,05.09.2025 09:55:54,Entrance 1,Entrance 1,2
female,05.09.2025 09:54:10,05.09.2025 09:57:10,None,None,2
male,05.09.2025 10:00:09,05.09.2025 10:03:09,Entrance 1,Entrance 1,1
male,05.09.2025 10:01:00,05.09.2025 10:04:00,Entrance 1,Entrance 1,1
male,05.09.2025 10:01:25,05.09.2025 10:04:25,Entrance 1,Entrance 2,1
female,05.09.2025 10:02:29,05.09.2025 10:05:29,Entrance 1,Entrance 2,1
male,05.09.2025 10:03:10,05.09.2025 10:06:10,Entrance 1,Entrance 1,1
female,05.09.2025 10:00:00,05.09.2025 10:06:18,Entrance 1,Entrance 2,1
female,05.09.2025 10:02:38,05.09.2025 10:06:20,Entrance 1,Entrance 2,1
male,05.09.2025 10:00:19,05.09.2025 10:06:26,Entrance 1,Entrance 2,1
male,05.09.2025 10:00:19,05.09.2025 10:06:30,Entrance 2,Entrance 1,1
male,05.09.2025 09:58:22,05.09.2025 10:06:32,Entrance 1,Entrance 1,2
car,05.09.2025 08:33:15,05.09.2025 10:06:41,None,None,2
male,05.09.2025 10:00:00,05.09.2025 10:06:42,Entrance 1,Entrance 2,1
male,05.09.2025 10:02:16,05.09.2025 10:06:59,Entrance 2,Entrance 1,1
female,05.09.2025 10:03:21,05.09.2025 10:07:54,Entrance 1,Entrance 1,1
male,05.09.2025 10:04:09,05.09.2025 10:08:07,Entrance 1,None,1
female,05.09.2025 10:05:38,05.09.2025 10:08:38,Entrance 1,Entrance 1,1
female,05.09.2025 10:05:31,05.09.2025 10:09:47,Entrance 2,Entrance 2,1
male,05.09.2025 10:01:23,05.09.2025 10:09:49,Entrance 2,Entrance 2,1
car,05.09.2025 08:35:36,05.09.2025 10:09:50,None,None,2
car,05.09.2025 09:31:51,05.09.2025 10:09:51,None,None,1
male,05.09.2025 10:07:31,05.09.2025 10:10:31,None,Entrance 1,2
female,05.09.2025 10:07:50,05.09.2025 10:10:50,Entrance 1,None,2
male,05.09.2025 10:04:37,05.09.2025 10:10:54,Entrance 1,Entrance 2,1
female,05.09.2025 10:05:21,05.09.2025 10:11:31,Entrance 2,Entrance 1,1
male,05.09.2025 10:04:10,05.09.2025 10:11:44,Entrance 2,Entrance 2,1
female,05.09.2025 10:01:45,05.09.2025 10:11:45,Entrance 1,Entrance 1,2
female,05.09.2025 10:09:21,05.09.2025 10:12:21,None,Entrance 1,1
male,05.09.2025 10:08:09,05.09.2025 10:12:36,Entrance 1,Entrance 1,1
male,05.09.2025 10:06:01,05.09.2025 10:12:42,None,Entrance 1,1
male,05.09.2025 10:10:06,05.09.2025 10:13:06,Entrance 1,Entrance 2,1
female,05.09.2025 10:10:02,05.09.2025 10:13:14,Entrance 1,Entrance 1,2
male,05.09.2025 10:06:34,05.09.2025 10:14:03,Entrance 2,Entrance 2,1
male,05.09.2025 10:04:37,05.09.2025 10:14:37,Entrance 1,Entrance 1,1
male,05.09.2025 10:06:09,05.09.2025 10:14:55,Entrance 2,Entrance 1,1
male,05.09.2025 10:06:11,05.09.2025 10:15:59,Entrance 2,Entrance 1,1
female,05.09.2025 10:11:45,05.09.2025 10:16:28,Entrance 2,Entrance 1,1
male,05.09.2025 10:11:28,05.09.2025 10:16:43,Entrance 2,Entrance 1,1
male,05.09.2025 10:12:30,05.09.2025 10:16:51,Entrance 1,Entrance 1,1
female,05.09.2025 10:10:01,05.09.2025 10:16:53,Entrance 1,Entrance 2,1
female,05.09.2025 10:10:12,05.09.2025 10:17:11,Entrance 1,Entrance 1,2
female,05.09.2025 10:07:57,05.09.2025 10:17:57,Entrance 2,Entrance 2,1
female,05.09.2025 10:12:13,05.09.2025 10:18:02,Entrance 1,Entrance 1,2
female,05.09.2025 10:13:04,05.09.2025 10:18:51,Entrance 1,Entrance 1,2
female,05.09.2025 10:12:52,05.09.2025 10:19:01,Entrance 1,Entrance 1,2
female,05.09.2025 10:14:48,05.09.2025 10:19:03,Entrance 1,Entrance 2,1
male,05.09.2025 10:11:56,05.09.2025 10:19:08,Entrance 2,Entrance 2,1
female,05.09.2025 10:15:00,05.09.2025 10:19:19,Entrance 1,Entrance 2,1
male,05.09.2025 10:15:39,05.09.2025 10:21:30,Entrance 1,Entrance 1,1
female,05.09.2025 10:13:31,05.09.2025 10:22:07,Entrance 2,Entrance 2,1
male,05.09.2025 10:17:44,05.09.2025 10:22:18,Entrance 1,Entrance 1,1
female,05.09.2025 10:18:42,05.09.2025 10:22:24,Entrance 1,Entrance 1,1
male,05.09.2025 10:13:42,05.09.2025 10:22:33,Entrance 1,Entrance 2,1
male,05.09.2025 10:14:31,05.09.2025 10:22:45,Entrance 2,Entrance 1,1
male,05.09.2025 10:19:58,05.09.2025 10:22:58,None,Entrance 2,1
female,05.09.2025 10:19:43,05.09.2025 10:23:25,Entrance 1,Entrance 1,2
male,05.09.2025 10:18:21,05.09.2025 10:24:22,Entrance 1,Entrance 1,2
male,05.09.2025 10:19:37,05.09.2025 10:24:26,Entrance 1,Entrance 1,1
male,05.09.2025 10:21:28,05.09.2025 10:24:28,None,Entrance 2,1
female,05.09.2025 10:15:44,05.09.2025 10:24:30,Entrance 1,Entrance 1,2
male,05.09.2025 10:18:36,05.09.2025 10:24:36,Entrance 2,Entrance 1,1
female,05.09.2025 10:21:50,05.09.2025 10:24:50,Entrance 1,Entrance 1,1
male,05.09.2025 10:19:16,05.09.2025 10:25:16,Entrance 1,Entrance 1,2
female,05.09.2025 10:20:23,05.09.2025 10:25:22,Entrance 2,Entrance 2,1
male,05.09.2025 10:20:00,05.09.2025 10:25:25,Entrance 1,Entrance 1,2
female,05.09.2025 10:20:59,05.09.2025 10:25:33,Entrance 2,Entrance 2,1
male,05.09.2025 10:20:38,05.09.2025 10:25:47,Entrance 1,None,1
male,05.09.2025 10:17:23,05.09.2025 10:25:59,Entrance 1,None,2
female,05.09.2025 10:17:26,05.09.2025 10:26:13,Entrance 2,Entrance 2,1
male,05.09.2025 10:22:10,05.09.2025 10:27:07,Entrance 2,Entrance 2,1
male,05.09.2025 10:21:44,05.09.2025 10:27:35,Entrance 2,Entrance 2,1
female,05.09.2025 10:24:24,05.09.2025 10:27:37,Entrance 1,Entrance 1,1
male,05.09.2025 10:19:05,05.09.2025 10:27:43,Entrance 2,Entrance 1,1
female,05.09.2025 10:24:29,05.09.2025 10:28:19,Entrance 1,Entrance 1,1
female,05.09.2025 10:25:10,05.09.2025 10:29:52,Entrance 1,Entrance 1,2
male,05.09.2025 10:24:06,05.09.2025 10:29:59,Entrance 2,Entrance 2,1
male,05.09.2025 10:24:08,05.09.2025 10:30:54,Entrance 2,Entrance 2,1
female,05.09.2025 10:27:52,05.09.2025 10:32:00,Entrance 1,Entrance 1,1
male,05.09.2025 10:27:30,05.09.2025 10:32:02,Entrance 1,Entrance 1,2
male,05.09.2025 10:29:11,05.09.2025 10:32:11,None,Entrance 1,1
male,05.09.2025 10:28:23,05.09.2025 10:32:26,Entrance 1,Entrance 2,1
male,05.09.2025 10:29:07,05.09.2025 10:33:39,Entrance 2,None,1
male,05.09.2025 10:27:03,05.09.2025 10:33:42,Entrance 1,Entrance 1,2
male,05.09.2025 10:25:53,05.09.2025 10:33:58,Entrance 1,Entrance 2,1
female,05.09.2025 10:28:19,05.09.2025 10:35:01,Entrance 1,Entrance 2,1
female,05.09.2025 10:29:48,05.09.2025 10:35:15,Entrance 1,Entrance 1,1
female,05.09.2025 10:29:13,05.09.2025 10:35:19,Entrance 2,Entrance 2,1
male,05.09.2025 10:31:00,05.09.2025 10:35:19,Entrance 1,Entrance 2,1
male,05.09.2025 10:32:09,05.09.2025 10:35:27,Entrance 1,Entrance 1,1
female,05.09.2025 10:31:10,05.09.2025 10:35:28,Entrance 1,Entrance 1,2
male,05.09.2025 10:30:58,05.09.2025 10:35:34,Entrance 1,Entrance 1,2
car,05.09.2025 08:51:30,05.09.2025 10:35:41,None,None,1
female,05.09.2025 10:30:56,05.09.2025 10:35:51,None,Entrance 2,1
male,05.09.2025 10:27:23,05.09.2025 10:36:11,Entrance 2,Entrance 2,1
female,05.09.2025 10:29:28,05.09.2025 10:36:15,Entrance 1,Entrance 1,2
female,05.09.2025 10:32:01,05.09.2025 10:36:35,Entrance 1,Entrance 1,1
car,05.09.2025 10:07:35,05.09.2025 10:36:54,None,None,1
female,05.09.2025 10:32:31,05.09.2025 10:37:37,Entrance 2,Entrance 2,1
male,05.09.2025 10:27:45,05.09.2025 10:37:45,Entrance 1,Entrance 1,2
female,05.09.2025 10:32:04,05.09.2025 10:38:18,Entrance 1,Entrance 1,2
male,05.09.2025 10:30:42,05.09.2025 10:38:23,Entrance 1,Entrance 2,1
male,05.09.2025 10:32:29,05.09.2025 10:38:31,Entrance 2,Entrance 1,1
female,05.09.2025 10:29:29,05.09.2025 10:38:46,Entrance 1,Entrance 1,2
female,05.09.2025 10:36:53,05.09.2025 10:39:53,Entrance 1,Entrance 1,2
female,05.09.2025 10:31:05,05.09.2025 10:40:02,Entrance 1,Entrance 1,1
female,05.09.2025 10:36:03,05.09.2025 10:41:33,Entrance 1,Entrance 1,2
male,05.09.2025 10:37:09,05.09.2025 10:42:03,Entrance 2,Entrance 2,1
female,05.09.2025 10:39:15,05.09.2025 10:42:15,Entrance 1,Entrance 2,1
male,05.09.2025 10:36:29,05.09.2025 10:43:43,Entrance 1,Entrance 1,1
male,05.09.2025 10:40:44,05.09.2025 10:43:44,None,Entrance 2,1
male,05.09.2025 10:38:21,05.09.2025 10:43:57,Entrance 1,Entrance 1,2
female,05.09.2025 10:35:41,05.09.2025 10:45:41,Entrance 2,Entrance 2,1
male,05.09.2025 10:42:15,05.09.2025 10:46:18,None,Entrance 1,2
female,05.09.2025 10:40:14,05.09.2025 10:47:10,Entrance 1,None,2
female,05.09.2025 10:44:24,05.09.2025 10:47:24,Entrance 1,Entrance 1,2
car,05.09.2025 08:10:56,05.09.2025 10:48:43,None,None,1
male,05.09.2025 10:44:48,05.09.2025 10:48:54,Entrance 1,Entrance 1,2
female,05.09.2025 10:45:06,05.09.2025 10:49:28,Entrance 1,Entrance 1,2
male,05.09.2025 10:45:21,05.09.2025 10:50:12,Entrance 1,Entrance 1,2
female,05.09.2025 10:46:46,05.09.2025 10:50:18,Entrance 1,Entrance 1,2
male,05.09.2025 10:45:36,05.09.2025 10:50:42,Entrance 1,Entrance 1,2
male,05.09.2025 10:43:53,05.09.2025 10:50:47,Entrance 1,Entrance 1,2
female,05.09.2025 10:41:01,05.09.2025 10:51:01,Entrance 2,Entrance 1,1
female,05.09.2025 10:47:51,05.09.2025 10:52:52,Entrance 1,Entrance 1,2
female,05.09.2025 10:49:51,05.09.2025 10:54:13,None,Entrance 1,2
male,05.09.2025 10:51:28,05.09.2025 10:55:50,Entrance 1,Entrance 1,2
female,05.09.2025 10:49:51,05.09.2025 10:58:48,Entrance 1,Entrance 1,2
male,05.09.2025 10:55:30,05.09.2025 11:01:19,Entrance 1,Entrance 1,2
male,05.09.2025 10:54:52,05.09.2025 11:04:08,Entrance 1,Entrance 1,2
female,05.09.2025 10:54:31,05.09.2025 11:04:31,Entrance 1,Entrance 1,2
male,05.09.2025 10:58:21,05.09.2025 11:05:14,Entrance 1,Entrance 1,2
male,05.09.2025 11:00:00,05.09.2025 11:05:19,Entrance 1,Entrance 1,1
male,05.09.2025 11:02:16,05.09.2025 11:05:25,Entrance 1,Entrance 1,1
male,05.09.2025 11:01:45,05.09.2025 11:05:43,Entrance 1,Entrance 2,1
male,05.09.2025 11:03:04,05.09.2025 11:06:12,Entrance 1,Entrance 1,2
male,05.09.2025 11:02:35,05.09.2025 11:06:25,None,None,2
male,05.09.2025 11:00:29,05.09.2025 11:07:07,Entrance 2,Entrance 1,1
male,05.09.2025 11:03:21,05.09.2025 11:07:56,Entrance 1,Entrance 2,1
male,05.09.2025 11:01:12,05.09.2025 11:08:12,Entrance 1,Entrance 1,1
female,05.09.2025 11:03:02,05.09.2025 11:08:14,Entrance 1,Entrance 1,2
male,05.09.2025 11:00:08,05.09.2025 11:08:42,Entrance 2,Entrance 1,1
male,05.09.2025 11:05:20,05.09.2025 11:08:54,Entrance 1,None,1
male,05.09.2025 11:05:54,05.09.2025 11:09:10,Entrance 1,Entrance 1,2
female,05.09.2025 11:06:37,05.09.2025 11:09:48,Entrance 1,Entrance 2,1
female,05.09.2025 11:04:33,05.09.2025 11:10:37,Entrance 1,None,1
male,05.09.2025 11:00:40,05.09.2025 11:10:40,Entrance 2,Entrance 2,1
female,05.09.2025 11:01:54,05.09.2025 11:11:54,Entrance 2,Entrance 2,1
female,05.09.2025 11:06:38,05.09.2025 11:12:36,Entrance 1,Entrance 1,1
female,05.09.2025 11:10:22,05.09.2025 11:14:01,None,Entrance 1,2
car,05.09.2025 07:38:24,05.09.2025 11:14:39,None,None,2
male,05.09.2025 11:11:36,05.09.2025 11:16:47,Entrance 1,Entrance 1,2
male,05.09.2025 11:13:15,05.09.2025 11:17:22,Entrance 1,Entrance 1,1
female,05.09.2025 11:14:04,05.09.2025 11:17:52,Entrance 1,Entrance 2,1
male,05.09.2025 11:15:15,05.09.2025 11:18:32,Entrance 1,Entrance 2,1
male,05.09.2025 11:11:22,05.09.2025 11:19:16,Entrance 2,Entrance 2,1
male,05.09.2025 11:14:42,05.09.2025 11:19:48,Entrance 1,Entrance 1,2
female,05.09.2025 11:14:41,05.09.2025 11:20:03,Entrance 1,None,2
female,05.09.2025 11:13:49,05.09.2025 11:20:18,Entrance 1,Entrance 2,1
female,05.09.2025 11:10:50,05.09.2025 11:20:50,Entrance 2,Entrance 1,1
male,05.09.2025 11:16:05,05.09.2025 11:20:52,Entrance 1,Entrance 1,1
male,05.09.2025 11:15:18,05.09.2025 11:21:21,Entrance 2,Entrance 2,1
male,05.09.2025 11:18:07,05.09.2025 11:21:23,Entrance 1,Entrance 1,1
female,05.09.2025 11:16:42,05.09.2025 11:22:20,Entrance 1,Entrance 1,1
female,05.09.2025 11:17:00,05.09.2025 11:22:53,Entrance 2,Entrance 1,1
male,05.09.2025 11:17:43,05.09.2025 11:23:38,Entrance 2,Entrance 1,1
female,05.09.2025 11:16:52,05.09.2025 11:23:40,Entrance 1,Entrance 1,2
female,05.09.2025 11:20:04,05.09.2025 11:23:57,Entrance 1,Entrance 1,2
male,05.09.2025 11:17:50,05.09.2025 11:24:45,Entrance 1,Entrance 1,1
male,05.09.2025 11:20:40,05.09.2025 11:25:44,Entrance 1,Entrance 1,2
male,05.09.2025 11:22:53,05.09.2025 11:25:53,None,Entrance 2,1
female,05.09.2025 11:19:06,05.09.2025 11:26:23,Entrance 2,Entrance 2,1
male,05.09.2025 11:24:15,05.09.2025 11:27:15,Entrance 1,Entrance 2,1
female,05.09.2025 11:24:10,05.09.2025 11:28:46,Entrance 1,Entrance 2,1
male,05.09.2025 11:24:31,05.09.2025 11:28:59,Entrance 1,Entrance 1,2
female,05.09.2025 11:19:24,05.09.2025 11:29:24,Entrance 2,Entrance 2,1
male,05.09.2025 11:20:45,05.09.2025 11:30:45,Entrance 1,Entrance 2,1
female,05.09.2025 11:27:53,05.09.2025 11:31:14,None,Entrance 1,2
male,05.09.2025 11:28:00,05.09.2025 11:33:01,Entrance 1,Entrance 1,1
male,05.09.2025 11:33:35,05.09.2025 11:38:06,Entrance 1,Entrance 1,2
male,05.09.2025 11:31:28,05.09.2025 11:38:59,Entrance 1,Entrance 1,1
male,05.09.2025 11:34:01,05.09.2025 11:39:03,Entrance 1,None,2
female,05.09.2025 11:34:19,05.09.2025 11:39:40,Entrance 1,Entrance 1,2
male,05.09.2025 11:36:59,05.09.2025 11:41:26,Entrance 1,Entrance 1,2
female,05.09.2025 11:35:43,05.09.2025 11:43:01,Entrance 2,None,1
male,05.09.2025 11:34:30,05.09.2025 11:43:22,Entrance 1,Entrance 1,2
female,05.09.2025 11:37:02,05.09.2025 11:43:42,Entrance 1,Entrance 1,2
male,05.09.2025 11:38:41,05.09.2025 11:44:57,Entrance 1,Entrance 1,1
male,05.09.2025 11:37:24,05.09.2025 11:45:11,Entrance 1,Entrance 1,2
female,05.09.2025 11:38:39,05.09.2025 11:45:17,Entrance 1,Entrance 1,1
female,05.09.2025 11:36:57,05.09.2025 11:46:57,Entrance 2,Entrance 2,1
male,05.09.2025 11:37:31,05.09.2025 11:47:20,Entrance 1,Entrance 1,2
male,05.09.2025 11:43:01,05.09.2025 11:47:25,Entrance 1,Entrance 1,2
male,05.09.2025 11:43:09,05.09.2025 11:47:49,Entrance 1,Entrance 1,2
car,05.09.2025 10:42:49,05.09.2025 11:48:35,None,None,2
male,05.09.2025 11:44:31,05.09.2025 11:54:17,Entrance 1,Entrance 1,2
male,05.09.2025 11:51:15,05.09.2025 11:54:52,Entrance 1,Entrance 1,2
male,05.09.2025 11:49:29,05.09.2025 11:55:43,Entrance 1,Entrance 1,2
car,05.09.2025 11:23:11,05.09.2025 11:59:16,None,None,2
male,05.09.2025 12:00:15,05.09.2025 12:04:16,Entrance 1,Entrance 2,1
female,05.09.2025 12:02:31,05.09.2025 12:05:31,Entrance 1,Entrance 1,2
female,05.09.2025 12:05:25,05.09.2025 12:09:15,Entrance 1,Entrance 1,1
car,05.09.2025 11:24:56,05.09.2025 12:09:33,None,None,2
male,05.09.2025 12:05:14,05.09.2025 12:10:19,None,Entrance 1,1
car,05.09.2025 11:06:03,05.09.2025 12:12:04,None,None,1
male,05.09.2025 12:04:55,05.09.2025 12:12:50,Entrance 2,Entrance 1,1
male,05.09.2025 12:08:26,05.09.2025 12:13:55,Entrance 2,Entrance 2,1
female,05.09.2025 12:13:55,05.09.2025 12:19:28,Entrance 2,Entrance 2,1
female,05.09.2025 12:19:00,05.09.2025 12:22:00,None,Entrance 1,2
car,05.09.2025 11:42:59,05.09.2025 12:22:58,None,None,2
female,05.09.2025 12:21:26,05.09.2025 12:24:26,Entrance 1,Entrance 1,1
female,05.09.2025 12:19:41,05.09.2025 12:27:01,Entrance 1,Entrance 1,1
male,05.09.2025 12:25:16,05.09.2025 12:28:16,Entrance 1,Entrance 2,1
male,05.09.2025 12:24:20,05.09.2025 12:29:07,Entrance 1,Entrance 1,2
male,05.09.2025 12:22:07,05.09.2025 12:29:54,Entrance 1,Entrance 1,2
male,05.09.2025 12:25:45,05.09.2025 12:30:03,Entrance 2,Entrance 1,1
male,05.09.2025 12:25:39,05.09.2025 12:31:14,Entrance 2,Entrance 1,1
car,05.09.2025 12:02:05,05.09.2025 12:33:29,None,None,2
male,05.09.2025 12:25:09,05.09.2025 12:33:48,Entrance 1,Entrance 1,2
female,05.09.2025 12:31:29,05.09.2025 12:36:33,Entrance 1,Entrance 1,2
male,05.09.2025 12:31:48,05.09.2025 12:36:58,Entrance 1,Entrance 1,2
female,05.09.2025 12:35:05,05.09.2025 12:38:05,Entrance 1,Entrance 1,1
car,05.09.2025 11:33:51,05.09.2025 12:39:56,None,None,2
male,05.09.2025 12:42:28,05.09.2025 12:46:28,Entrance 1,Entrance 1,2
car,05.09.2025 11:32:56,05.09.2025 12:48:16,None,None,1
car,05.09.2025 11:30:47,05.09.2025 12:51:59,None,None,2
male,05.09.2025 12:54:07,05.09.2025 12:58:23,Entrance 1,Entrance 1,2
male,05.09.2025 12:54:16,05.09.2025 12:58:36,Entrance 1,Entrance 1,1
female,05.09.2025 12:51:06,05.09.2025 12:58:58,Entrance 2,Entrance 2,1
female,05.09.2025 12:52:47,05.09.2025 12:59:39,Entrance 2,Entrance 2,1
male,05.09.2025 12:56:21,05.09.2025 13:01:53,Entrance 1,Entrance 1,1
male,05.09.2025 12:58:28,05.09.2025 13:02:16,Entrance 1,Entrance 1,2
car,05.09.2025 11:52:31,05.09.2025 13:02:52,None,None,1
male,05.09.2025 12:56:54,05.09.2025 13:03:03,Entrance 1,None,2
male,05.09.2025 12:54:49,05.09.2025 13:03:53,Entrance 2,Entrance 1,1
female,05.09.2025 13:01:56,05.09.2025 13:06:42,Entrance 1,Entrance 1,2
male,05.09.2025 13:06:59,05.09.2025 13:11:41,Entrance 1,Entrance 1,1
male,05.09.2025 13:09:18,05.09.2025 13:12:18,None,Entrance 1,2
female,05.09.2025 13:09:33,05.09.2025 13:15:56,Entrance 1,Entrance 2,1
male,05.09.2025 13:09:53,05.09.2025 13:15:57,Entrance 2,Entrance 2,1
female,05.09.2025 13:09:47,05.09.2025 13:16:14,Entrance 2,Entrance 2,1
car,05.09.2025 12:06:44,05.09.2025 13:19:26,None,None,2
female,05.09.2025 13:18:55,05.09.2025 13:23:49,Entrance 2,Entrance 1,1
male,05.09.2025 13:22:14,05.09.2025 13:25:41,None,Entrance 1,2
female,05.09.2025 13:29:32,05.09.2025 13:32:32,Entrance 1,Entrance 2,1
female,05.09.2025 13:32:00,05.09.2025 13:37:53,Entrance 1,Entrance 1,2
male,05.09.2025 13:40:33,05.09.2025 13:47:25,Entrance 1,Entrance 1,2
car,05.09.2025 12:39:35,05.09.2025 13:47:49,None,None,2
female,05.09.2025 13:45:11,05.09.2025 13:48:29,Entrance 1,Entrance 2,1
male,05.09.2025 13:39:07,05.09.2025 13:49:07,Entrance 2,Entrance 2,1
male,05.09.2025 13:43:34,05.09.2025 13:50:35,Entrance 1,Entrance 1,1
car,05.09.2025 12:54:05,05.09.2025 13:50:37,None,None,1
female,05.09.2025 13:44:42,05.09.2025 13:52:47,Entrance 2,Entrance 1,1
male,05.09.2025 13:46:07,05.09.2025 13:55:03,Entrance 2,Entrance 2,1
female,05.09.2025 13:52:19,05.09.2025 13:57:14,Entrance 1,Entrance 1,2
male,05.09.2025 13:53:01,05.09.2025 13:57:25,Entrance 1,Entrance 1,2
car,05.09.2025 12:27:51,05.09.2025 13:58:09,None,None,1
car,05.09.2025 12:34:58,05.09.2025 13:59:32,None,None,1
car,05.09.2025 11:17:25,05.09.2025 14:01:08,None,None,1
female,05.09.2025 13:59:30,05.09.2025 14:03:16,Entrance 1,Entrance 1,2
male,05.09.2025 14:02:07,05.09.2025 14:05:58,Entrance 1,None,2
female,05.09.2025 14:07:51,05.09.2025 14:11:17,Entrance 1,Entrance 1,2
male,05.09.2025 14:06:22,05.09.2025 14:13:15,Entrance 1,Entrance 1,1
car,05.09.2025 12:21:45,05.09.2025 14:16:12,None,None,1
female,05.09.2025 14:16:48,05.09.2025 14:22:59,Entrance 1,Entrance 1,2
male,05.09.2025 14:16:58,05.09.2025 14:23:21,Entrance 2,Entrance 1,1
male,05.09.2025 14:17:23,05.09.2025 14:23:37,Entrance 1,Entrance 1,2
male,05.09.2025 14:20:50,05.09.2025 14:24:35,Entrance 2,Entrance 2,1
car,05.09.2025 13:22:57,05.09.2025 14:24:43,None,None,2
male,05.09.2025 14:20:10,05.09.2025 14:25:31,Entrance 1,Entrance 1,1
female,05.09.2025 14:27:39,05.09.2025 14:30:39,Entrance 1,Entrance 1,1
female,05.09.2025 14:24:52,05.09.2025 14:30:46,Entrance 1,Entrance 2,1
female,05.09.2025 14:25:34,05.09.2025 14:31:34,None,Entrance 1,1
male,05.09.2025 14:31:25,05.09.2025 14:36:05,Entrance 1,Entrance 2,1
car,05.09.2025 12:02:01,05.09.2025 14:37:32,None,None,1
female,05.09.2025 14:34:39,05.09.2025 14:41:14,Entrance 1,Entrance 1,2
male,05.09.2025 14:41:59,05.09.2025 14:48:11,Entrance 1,Entrance 1,1
male,05.09.2025 14:40:59,05.09.2025 14:49:03,Entrance 2,Entrance 2,1
male,05.09.2025 14:46:17,05.09.2025 14:51:59,Entrance 1,Entrance 1,2
female,05.09.2025 14:49:15,05.09.2025 14:53:34,Entrance 1,Entrance 2,1
car,05.09.2025 12:16:31,05.09.2025 14:54:35,None,None,2
male,05.09.2025 14:52:10,05.09.2025 14:55:37,None,Entrance 1,1
female,05.09.2025 14:58:13,05.09.2025 15:01:13,Entrance 1,Entrance 1,1
male,05.09.2025 14:51:29,05.09.2025 15:01:29,Entrance 2,Entrance 2,1
female,05.09.2025 15:00:48,05.09.2025 15:04:08,None,Entrance 1,2
car,05.09.2025 14:29:39,05.09.2025 15:04:29,None,None,2
female,05.09.2025 14:54:43,05.09.2025 15:04:43,Entrance 2,Entrance 2,1
male,05.09.2025 15:02:48,05.09.2025 15:05:59,Entrance 1,Entrance 1,1
car,05.09.2025 13:11:59,05.09.2025 15:09:08,None,None,1
male,05.09.2025 15:06:13,05.09.2025 15:10:48,Entrance 1,Entrance 1,2
male,05.09.2025 15:09:24,05.09.2025 15:14:05,Entrance 2,Entrance 1,1
male,05.09.2025 15:12:13,05.09.2025 15:15:21,Entrance 1,Entrance 1,1
car,05.09.2025 10:54:14,05.09.2025 15:15:26,None,None,1
female,05.09.2025 15:12:51,05.09.2025 15:15:51,Entrance 1,Entrance 2,1
male,05.09.2025 15:08:18,05.09.2025 15:17:34,Entrance 1,Entrance 1,2
car,05.09.2025 12:03:07,05.09.2025 15:21:11,None,None,2
female,05.09.2025 15:16:43,05.09.2025 15:22:42,Entrance 1,Entrance 2,1
male,05.09.2025 15:16:06,05.09.2025 15:23:35,Entrance 1,Entrance 1,2
male,05.09.2025 15:17:16,05.09.2025 15:24:58,Entrance 1,Entrance 2,1
female,05.09.2025 15:24:59,05.09.2025 15:29:02,Entrance 1,Entrance 1,2
female,05.09.2025 15:26:15,05.09.2025 15:29:18,Entrance 1,Entrance 1,2
male,05.09.2025 15:21:08,05.09.2025 15:31:08,Entrance 2,Entrance 2,1
male,05.09.2025 15:29:43,05.09.2025 15:34:03,Entrance 2,Entrance 1,1
female,05.09.2025 15:29:38,05.09.2025 15:34:36,Entrance 1,Entrance 1,1
car,05.09.2025 12:10:59,05.09.2025 15:36:39,None,None,1
male,05.09.2025 15:28:11,05.09.2025 15:38:08,Entrance 2,Entrance 2,1
female,05.09.2025 15:36:22,05.09.2025 15:42:37,Entrance 2,Entrance 1,1
female,05.09.2025 15:38:13,05.09.2025 15:43:48,None,Entrance 1,1
female,05.09.2025 15:36:19,05.09.2025 15:43:51,Entrance 2,Entrance 1,1
car,05.09.2025 15:06:07,05.09.2025 15:44:21,None,None,2
female,05.09.2025 15:39:10,05.09.2025 15:47:35,Entrance 2,Entrance 1,1
female,05.09.2025 15:44:48,05.09.2025 15:48:00,Entrance 1,Entrance 2,1
female,05.09.2025 15:45:50,05.09.2025 15:49:59,Entrance 1,Entrance 1,2
male,05.09.2025 15:43:33,05.09.2025 15:50:52,Entrance 2,Entrance 1,1
male,05.09.2025 15:46:18,05.09.2025 15:51:46,Entrance 1,Entrance 2,1
male,05.09.2025 15:49:36,05.09.2025 15:54:12,Entrance 1,None,1
female,05.09.2025 15:49:25,05.09.2025 15:55:38,Entrance 2,Entrance 1,1
male,05.09.2025 15:51:11,05.09.2025 15:55:40,Entrance 1,Entrance 2,1
car,05.09.2025 15:17:21,05.09.2025 15:57:15,None,None,1
male,05.09.2025 15:49:07,05.09.2025 15:57:52,Entrance 2,Entrance 1,1
female,05.09.2025 15:54:34,05.09.2025 15:58:07,Entrance 1,Entrance 1,1
car,05.09.2025 15:20:32,05.09.2025 16:00:24,None,None,1
car,05.09.2025 15:02:27,05.09.2025 16:02:03,None,None,1
female,05.09.2025 15:55:19,05.09.2025 16:02:35,Entrance 1,Entrance 1,2
car,05.09.2025 12:13:54,05.09.2025 16:04:49,None,None,1
male,05.09.2025 15:54:54,05.09.2025 16:04:54,Entrance 2,Entrance 2,1
male,05.09.2025 15:57:34,05.09.2025 16:07:34,Entrance 2,Entrance 1,1
male,05.09.2025 16:04:02,05.09.2025 16:09:10,Entrance 1,Entrance 2,1
male,05.09.2025 16:05:01,05.09.2025 16:09:21,None,Entrance 2,1
male,05.09.2025 16:08:29,05.09.2025 16:11:29,None,Entrance 1,1
car,05.09.2025 15:03:28,05.09.2025 16:11:45,None,None,1
male,05.09.2025 16:05:27,05.09.2025 16:12:05,Entrance 1,Entrance 1,2
car,05.09.2025 15:18:56,05.09.2025 16:12:41,None,None,2
female,05.09.2025 16:05:17,05.09.2025 16:13:38,Entrance 2,Entrance 1,1
male,05.09.2025 16:04:26,05.09.2025 16:14:26,Entrance 1,Entrance 1,2
male,05.09.2025 16:07:46,05.09.2025 16:15:07,Entrance 1,Entrance 1,2
female,05.09.2025 16:11:00,05.09.2025 16:16:34,Entrance 1,Entrance 1,2
male,05.09.2025 16:15:46,05.09.2025 16:19:52,Entrance 1,Entrance 2,1
male,05.09.2025 16:14:35,05.09.2025 16:20:00,Entrance 1,Entrance 1,1
male,05.09.2025 16:20:10,05.09.2025 16:23:34,Entrance 1,Entrance 1,2
male,05.09.2025 16:20:53,05.09.2025 16:25:35,Entrance 1,Entrance 1,2
male,05.09.2025 16:16:35,05.09.2025 16:25:38,Entrance 1,Entrance 1,2
female,05.09.2025 16:17:11,05.09.2025 16:26:20,Entrance 2,Entrance 2,1
male,05.09.2025 16:19:14,05.09.2025 16:26:24,Entrance 2,Entrance 2,1
male,05.09.2025 16:21:32,05.09.2025 16:27:06,Entrance 1,Entrance 1,2
male,05.09.2025 16:24:20,05.09.2025 16:27:20,Entrance 1,Entrance 2,1
male,05.09.2025 16:23:20,05.09.2025 16:27:27,Entrance 1,Entrance 1,1
car,05.09.2025 15:24:02,05.09.2025 16:27:30,None,None,2
male,05.09.2025 16:24:00,05.09.2025 16:29:01,Entrance 1,Entrance 1,2
female,05.09.2025 16:27:03,05.09.2025 16:30:03,None,Entrance 1,2
female,05.09.2025 16:23:48,05.09.2025 16:30:05,Entrance 2,Entrance 1,1
male,05.09.2025 16:26:44,05.09.2025 16:32:32,Entrance 1,Entrance 1,2
male,05.09.2025 16:26:20,05.09.2025 16:33:26,Entrance 1,Entrance 1,2
male,05.09.2025 16:26:46,05.09.2025 16:33:44,Entrance 1,Entrance 2,1
car,05.09.2025 15:48:12,05.09.2025 16:35:15,None,None,2
female,05.09.2025 16:30:21,05.09.2025 16:35:36,Entrance 1,Entrance 1,2
male,05.09.2025 16:25:59,05.09.2025 16:35:59,Entrance 2,Entrance 2,1
male,05.09.2025 16:30:16,05.09.2025 16:37:21,Entrance 2,Entrance 1,1
male,05.09.2025 16:34:54,05.09.2025 16:37:54,Entrance 1,Entrance 2,1
female,05.09.2025 16:35:36,05.09.2025 16:40:03,Entrance 1,Entrance 2,1
male,05.09.2025 16:34:16,05.09.2025 16:40:46,Entrance 1,Entrance 1,2
male,05.09.2025 16:36:31,05.09.2025 16:41:42,Entrance 1,Entrance 2,1
female,05.09.2025 16:31:58,05.09.2025 16:41:58,Entrance 1,Entrance 2,1
male,05.09.2025 16:36:16,05.09.2025 16:44:06,Entrance 1,None,2
female,05.09.2025 16:41:12,05.09.2025 16:44:12,Entrance 1,Entrance 2,1
male,05.09.2025 16:41:34,05.09.2025 16:46:08,Entrance 1,Entrance 1,1
female,05.09.2025 16:40:13,05.09.2025 16:47:12,Entrance 1,Entrance 2,1
car,05.09.2025 16:12:40,05.09.2025 16:48:08,None,None,1
male,05.09.2025 16:39:55,05.09.2025 16:49:55,Entrance 2,Entrance 1,1
male,05.09.2025 16:46:37,05.09.2025 16:50:20,None,Entrance 2,1
male,05.09.2025 16:46:35,05.09.2025 16:50:47,Entrance 1,Entrance 2,1
female,05.09.2025 16:43:12,05.09.2025 16:52:00,Entrance 1,Entrance 1,2
male,05.09.2025 16:45:52,05.09.2025 16:52:22,Entrance 1,None,2
male,05.09.2025 16:44:58,05.09.2025 16:52:39,Entrance 2,Entrance 2,1
male,05.09.2025 16:50:39,05.09.2025 16:53:39,None,None,2
female,05.09.2025 16:44:05,05.09.2025 16:54:05,Entrance 1,Entrance 1,2
female,05.09.2025 16:50:03,05.09.2025 16:54:57,Entrance 1,None,2
female,05.09.2025 16:47:44,05.09.2025 16:55:05,Entrance 2,Entrance 2,1
male,05.09.2025 16:47:20,05.09.2025 16:55:20,Entrance 1,Entrance 1,2
male,05.09.2025 16:51:51,05.09.2025 16:57:28,Entrance 1,Entrance 1,2
male,05.09.2025 16:53:45,05.09.2025 17:00:34,Entrance 1,Entrance 2,1
female,05.09.2025 16:54:32,05.09.2025 17:00:37,Entrance 1,Entrance 1,2
male,05.09.2025 16:53:48,05.09.2025 17:03:48,Entrance 2,Entrance 2,1
male,05.09.2025 17:01:56,05.09.2025 17:05:01,Entrance 1,Entrance 2,1
male,05.09.2025 16:58:53,05.09.2025 17:05:05,Entrance 2,Entrance 1,1
male,05.09.2025 17:01:28,05.09.2025 17:05:53,Entrance 1,Entrance 2,1
female,05.09.2025 16:59:43,05.09.2025 17:06:28,Entrance 1,Entrance 2,1
female,05.09.2025 17:02:27,05.09.2025 17:07:12,Entrance 1,None,1
male,05.09.2025 17:01:36,05.09.2025 17:07:54,Entrance 1,Entrance 2,1
male,05.09.2025 17:01:37,05.09.2025 17:08:43,Entrance 1,Entrance 1,2
female,05.09.2025 17:06:25,05.09.2025 17:09:27,Entrance 1,Entrance 1,1
male,05.09.2025 17:02:03,05.09.2025 17:11:08,Entrance 2,Entrance 1,1
male,05.09.2025 17:06:11,05.09.2025 17:12:04,Entrance 2,Entrance 1,1
male,05.09.2025 17:08:46,05.09.2025 17:12:43,Entrance 1,Entrance 2,1
male,05.09.2025 17:04:04,05.09.2025 17:13:26,Entrance 2,Entrance 1,1
female,05.09.2025 17:07:20,05.09.2025 17:15:20,Entrance 1,Entrance 1,2
male,05.09.2025 17:10:10,05.09.2025 17:15:23,Entrance 1,Entrance 2,1
female,05.09.2025 17:10:09,05.09.2025 17:15:40,Entrance 1,Entrance 1,1
female,05.09.2025 17:10:08,05.09.2025 17:15:40,Entrance 1,None,2
male,05.09.2025 17:10:58,05.09.2025 17:16:27,Entrance 1,Entrance 1,2
male,05.09.2025 17:13:26,05.09.2025 17:17:01,Entrance 1,Entrance 1,2
female,05.09.2025 17:14:25,05.09.2025 17:17:33,Entrance 1,Entrance 1,2
female,05.09.2025 17:14:32,05.09.2025 17:17:36,Entrance 1,Entrance 2,1
female,05.09.2025 17:12:44,05.09.2025 17:17:45,Entrance 1,Entrance 1,2
female,05.09.2025 17:15:35,05.09.2025 17:18:35,Entrance 1,Entrance 1,2
male,05.09.2025 17:15:02,05.09.2025 17:18:46,None,Entrance 2,1
male,05.09.2025 17:10:01,05.09.2025 17:19:08,Entrance 2,Entrance 1,1
male,05.09.2025 17:13:39,05.09.2025 17:19:23,Entrance 1,None,2
female,05.09.2025 17:14:58,05.09.2025 17:20:24,Entrance 1,Entrance 1,2
male,05.09.2025 17:10:42,05.09.2025 17:20:42,Entrance 2,Entrance 1,1
male,05.09.2025 17:16:08,05.09.2025 17:21:24,Entrance 2,Entrance 1,1
male,05.09.2025 17:17:43,05.09.2025 17:23:21,Entrance 1,Entrance 1,2
male,05.09.2025 17:17:00,05.09.2025 17:23:29,Entrance 1,None,2
female,05.09.2025 17:16:15,05.09.2025 17:24:37,Entrance 2,Entrance 2,1
female,05.09.2025 17:17:35,05.09.2025 17:24:38,Entrance 1,Entrance 2,1
car,05.09.2025 15:31:28,05.09.2025 17:25:34,None,None,2
car,05.09.2025 17:07:25,05.09.2025 17:27:26,None,None,1
male,05.09.2025 17:22:36,05.09.2025 17:27:34,Entrance 2,Entrance 2,1
female,05.09.2025 17:23:33,05.09.2025 17:27:39,Entrance 1,Entrance 1,1
female,05.09.2025 17:26:35,05.09.2025 17:30:18,Entrance 1,Entrance 1,1
male,05.09.2025 17:22:32,05.09.2025 17:30:44,Entrance 2,Entrance 1,1
female,05.09.2025 17:26:22,05.09.2025 17:30:50,Entrance 1,Entrance 2,1
male,05.09.2025 17:26:18,05.09.2025 17:31:15,None,None,1
male,05.09.2025 17:28:28,05.09.2025 17:32:32,Entrance 1,Entrance 1,2
male,05.09.2025 17:22:39,05.09.2025 17:32:39,Entrance 2,Entrance 2,1
female,05.09.2025 17:25:42,05.09.2025 17:33:10,Entrance 1,Entrance 1,1
female,05.09.2025 17:28:46,05.09.2025 17:33:14,Entrance 1,Entrance 2,1
male,05.09.2025 17:25:48,05.09.2025 17:33:43,Entrance 2,Entrance 2,1
male,05.09.2025 17:24:24,05.09.2025 17:33:52,Entrance 1,Entrance 1,2
male,05.09.2025 17:28:09,05.09.2025 17:34:07,Entrance 1,Entrance 1,1
female,05.09.2025 17:27:14,05.09.2025 17:35:43,Entrance 1,Entrance 1,2
female,05.09.2025 17:32:13,05.09.2025 17:36:14,Entrance 1,Entrance 1,2
male,05.09.2025 17:34:21,05.09.2025 17:37:21,Entrance 1,Entrance 2,1
male,05.09.2025 17:31:31,05.09.2025 17:40:01,Entrance 2,Entrance 1,1
male,05.09.2025 17:36:09,05.09.2025 17:40:03,Entrance 1,Entrance 1,1
female,05.09.2025 17:35:56,05.09.2025 17:40:16,Entrance 1,Entrance 1,2
female,05.09.2025 17:33:16,05.09.2025 17:41:48,Entrance 1,Entrance 1,2
female,05.09.2025 17:39:22,05.09.2025 17:42:22,None,Entrance 2,1
female,05.09.2025 17:37:55,05.09.2025 17:43:35,Entrance 1,Entrance 1,1
car,05.09.2025 15:50:26,05.09.2025 17:43:40,None,None,2
female,05.09.2025 17:34:08,05.09.2025 17:44:08,Entrance 2,Entrance 1,1
male,05.09.2025 17:35:05,05.09.2025 17:44:21,Entrance 1,Entrance 1,2
male,05.09.2025 17:39:05,05.09.2025 17:44:34,Entrance 1,Entrance 2,1
male,05.09.2025 17:34:59,05.09.2025 17:44:59,Entrance 2,Entrance 2,1
male,05.09.2025 17:38:14,05.09.2025 17:45:01,Entrance 2,Entrance 2,1
female,05.09.2025 17:38:45,05.09.2025 17:45:19,Entrance 1,Entrance 2,1
female,05.09.2025 17:35:21,05.09.2025 17:45:21,Entrance 1,Entrance 1,1
female,05.09.2025 17:43:48,05.09.2025 17:47:19,Entrance 1,Entrance 1,2
male,05.09.2025 17:42:50,05.09.2025 17:47:25,None,Entrance 2,1
male,05.09.2025 17:38:50,05.09.2025 17:47:33,Entrance 1,None,2
female,05.09.2025 17:43:31,05.09.2025 17:47:36,None,Entrance 1,1
male,05.09.2025 17:41:12,05.09.2025 17:48:40,Entrance 1,Entrance 1,2
female,05.09.2025 17:43:09,05.09.2025 17:49:49,Entrance 2,Entrance 2,1
male,05.09.2025 17:47:02,05.09.2025 17:50:06,Entrance 1,Entrance 1,2
male,05.09.2025 17:43:53,05.09.2025 17:50:21,Entrance 1,Entrance 2,1
male,05.09.2025 17:43:24,05.09.2025 17:51:19,Entrance 1,Entrance 1,2
male,05.09.2025 17:42:12,05.09.2025 17:52:12,Entrance 2,Entrance 2,1
male,05.09.2025 17:48:06,05.09.2025 17:52:19,None,Entrance 1,2
female,05.09.2025 17:50:00,05.09.2025 17:54:38,Entrance 1,Entrance 2,1
male,05.09.2025 17:47:07,05.09.2025 17:54:49,Entrance 1,Entrance 1,2
female,05.09.2025 17:51:02,05.09.2025 17:55:15,Entrance 2,Entrance 1,1
female,05.09.2025 17:51:33,05.09.2025 17:55:35,Entrance 1,Entrance 1,1
male,05.09.2025 17:49:45,05.09.2025 17:55:35,Entrance 1,Entrance 1,2
male,05.09.2025 17:53:12,05.09.2025 17:56:12,Entrance 1,None,2
male,05.09.2025 17:52:19,05.09.2025 17:56:39,Entrance 1,Entrance 1,1
male,05.09.2025 17:51:36,05.09.2025 17:57:43,Entrance 1,Entrance 1,2
male,05.09.2025 17:54:17,05.09.2025 17:58:09,Entrance 1,Entrance 1,2
male,05.09.2025 17:54:25,05.09.2025 17:58:29,Entrance 2,Entrance 2,1
female,05.09.2025 17:53:25,05.09.2025 17:59:02,Entrance 1,Entrance 1,1
male,05.09.2025 17:55:14,05.09.2025 17:59:24,Entrance 1,Entrance 1,1
male,05.09.2025 17:56:20,05.09.2025 18:02:13,Entrance 1,Entrance 2,1
female,05.09.2025 17:53:08,05.09.2025 18:03:08,Entrance 2,Entrance 1,1
car,05.09.2025 17:24:39,05.09.2025 18:07:04,None,None,2
female,05.09.2025 18:02:49,05.09.2025 18:07:15,Entrance 1,Entrance 1,2
female,05.09.2025 18:01:56,05.09.2025 18:07:36,Entrance 1,Entrance 1,2
male,05.09.2025 18:06:53,05.09.2025 18:10:10,Entrance 1,Entrance 1,2
car,05.09.2025 17:16:10,05.09.2025 18:10:26,None,None,2
female,05.09.2025 18:05:06,05.09.2025 18:10:40,Entrance 1,Entrance 1,2
male,05.09.2025 18:05:55,05.09.2025 18:14:09,Entrance 1,Entrance 1,2
male,05.09.2025 18:09:52,05.09.2025 18:14:52,Entrance 1,Entrance 1,2
female,05.09.2025 18:08:50,05.09.2025 18:15:28,Entrance 1,Entrance 1,2
male,05.09.2025 18:15:12,05.09.2025 18:18:12,Entrance 1,Entrance 1,2
male,05.09.2025 18:09:01,05.09.2025 18:19:01,Entrance 1,Entrance 1,2
male,05.09.2025 18:14:17,05.09.2025 18:19:23,None,Entrance 1,2
car,05.09.2025 17:37:00,05.09.2025 18:20:09,None,None,1
female,05.09.2025 18:16:28,05.09.2025 18:22:07,Entrance 1,Entrance 1,2
male,05.09.2025 18:19:22,05.09.2025 18:22:30,Entrance 1,Entrance 1,1
male,05.09.2025 18:16:34,05.09.2025 18:22:39,Entrance 1,Entrance 1,2
female,05.09.2025 18:18:51,05.09.2025 18:22:55,Entrance 1,Entrance 2,1
male,05.09.2025 18:18:51,05.09.2025 18:22:56,Entrance 2,Entrance 2,1
female,05.09.2025 18:18:19,05.09.2025 18:24:10,Entrance 2,Entrance 1,1
female,05.09.2025 18:20:20,05.09.2025 18:24:58,Entrance 2,Entrance 2,1
male,05.09.2025 18:20:20,05.09.2025 18:25:07,Entrance 1,Entrance 1,1
female,05.09.2025 18:18:54,05.09.2025 18:27:35,Entrance 1,Entrance 1,2
male,05.09.2025 18:23:39,05.09.2025 18:27:39,Entrance 1,Entrance 1,1
female,05.09.2025 18:23:21,05.09.2025 18:28:14,Entrance 1,Entrance 1,1
male,05.09.2025 18:24:40,05.09.2025 18:28:20,Entrance 1,Entrance 1,2
male,05.09.2025 18:24:42,05.09.2025 18:28:26,Entrance 1,Entrance 2,1
male,05.09.2025 18:20:54,05.09.2025 18:29:11,Entrance 2,Entrance 2,1
male,05.09.2025 18:19:47,05.09.2025 18:29:47,Entrance 1,Entrance 1,2
female,05.09.2025 18:25:54,05.09.2025 18:30:10,Entrance 1,Entrance 1,1
female,05.09.2025 18:24:45,05.09.2025 18:30:29,Entrance 1,Entrance 1,2
male,05.09.2025 18:27:25,05.09.2025 18:30:55,Entrance 1,Entrance 2,1
male,05.09.2025 18:27:04,05.09.2025 18:31:10,Entrance 1,Entrance 1,1
male,05.09.2025 18:28:46,05.09.2025 18:31:46,Entrance 1,None,1
male,05.09.2025 18:28:54,05.09.2025 18:31:54,None,Entrance 1,1
female,05.09.2025 18:21:56,05.09.2025 18:31:56,Entrance 2,Entrance 2,1
female,05.09.2025 18:29:12,05.09.2025 18:32:44,Entrance 1,Entrance 1,2
car,05.09.2025 17:21:21,05.09.2025 18:32:47,None,None,2
male,05.09.2025 18:29:31,05.09.2025 18:33:29,None,Entrance 2,1
female,05.09.2025 18:27:09,05.09.2025 18:33:34,Entrance 1,Entrance 1,2
female,05.09.2025 18:25:48,05.09.2025 18:33:41,Entrance 2,Entrance 2,1
male,05.09.2025 18:27:10,05.09.2025 18:34:37,Entrance 2,Entrance 1,1
male,05.09.2025 18:28:46,05.09.2025 18:35:02,Entrance 2,Entrance 2,1
female,05.09.2025 18:30:49,05.09.2025 18:35:05,Entrance 1,Entrance 1,2
male,05.09.2025 18:28:13,05.09.2025 18:36:06,Entrance 1,Entrance 1,2
male,05.09.2025 18:33:46,05.09.2025 18:37:16,None,Entrance 1,2
female,05.09.2025 18:30:57,05.09.2025 18:37:19,Entrance 1,Entrance 1,1
car,05.09.2025 17:33:49,05.09.2025 18:38:11,None,None,2
male,05.09.2025 18:35:34,05.09.2025 18:38:45,Entrance 1,Entrance 2,1
male,05.09.2025 18:32:20,05.09.2025 18:39:05,Entrance 1,Entrance 1,2
female,05.09.2025 18:32:07,05.09.2025 18:39:28,Entrance 2,Entrance 2,1
female,05.09.2025 18:36:27,05.09.2025 18:39:36,Entrance 1,Entrance 1,1
male,05.09.2025 18:33:55,05.09.2025 18:39:37,Entrance 2,Entrance 2,1
female,05.09.2025 18:32:36,05.09.2025 18:40:06,Entrance 2,Entrance 1,1
female,05.09.2025 18:32:13,05.09.2025 18:40:53,Entrance 2,Entrance 2,1
female,05.09.2025 18:34:52,05.09.2025 18:41:16,Entrance 1,Entrance 2,1
female,05.09.2025 18:35:33,05.09.2025 18:41:24,Entrance 2,Entrance 2,1
male,05.09.2025 18:38:24,05.09.2025 18:41:24,Entrance 1,Entrance 1,2
male,05.09.2025 18:39:00,05.09.2025 18:42:27,Entrance 1,Entrance 1,1
female,05.09.2025 18:37:10,05.09.2025 18:42:38,Entrance 1,Entrance 1,2
female,05.09.2025 18:37:58,05.09.2025 18:42:52,Entrance 1,Entrance 1,2
male,05.09.2025 18:34:01,05.09.2025 18:43:08,Entrance 2,Entrance 2,1
male,05.09.2025 18:39:10,05.09.2025 18:43:12,Entrance 2,Entrance 2,1
male,05.09.2025 18:36:54,05.09.2025 18:43:25,Entrance 2,Entrance 1,1
female,05.09.2025 18:37:36,05.09.2025 18:43:29,Entrance 1,Entrance 1,2
male,05.09.2025 18:38:53,05.09.2025 18:43:47,Entrance 1,Entrance 1,1
male,05.09.2025 18:38:10,05.09.2025 18:44:19,Entrance 1,Entrance 2,1
male,05.09.2025 18:41:20,05.09.2025 18:44:34,Entrance 1,Entrance 1,1
male,05.09.2025 18:37:36,05.09.2025 18:45:05,Entrance 2,Entrance 2,1
male,05.09.2025 18:37:17,05.09.2025 18:45:18,Entrance 1,Entrance 1,2
male,05.09.2025 18:41:00,05.09.2025 18:45:35,Entrance 1,Entrance 1,1
male,05.09.2025 18:42:53,05.09.2025 18:45:53,Entrance 1,Entrance 2,1
male,05.09.2025 18:42:59,05.09.2025 18:45:59,Entrance 1,Entrance 1,1
female,05.09.2025 18:39:31,05.09.2025 18:46:00,Entrance 2,Entrance 1,1
car,05.09.2025 15:51:39,05.09.2025 18:46:08,None,None,1
female,05.09.2025 18:40:38,05.09.2025 18:46:15,Entrance 2,Entrance 1,1
male,05.09.2025 18:37:14,05.09.2025 18:46:29,Entrance 2,Entrance 2,1
female,05.09.2025 18:43:30,05.09.2025 18:46:30,None,Entrance 1,1
male,05.09.2025 18:38:43,05.09.2025 18:46:57,Entrance 1,None,1
female,05.09.2025 18:43:40,05.09.2025 18:47:27,None,Entrance 1,2
male,05.09.2025 18:43:03,05.09.2025 18:48:17,Entrance 1,Entrance 2,1
female,05.09.2025 18:45:36,05.09.2025 18:48:54,Entrance 1,Entrance 1,2
male,05.09.2025 18:39:07,05.09.2025 18:49:07,Entrance 1,Entrance 2,1
male,05.09.2025 18:42:50,05.09.2025 18:49:28,Entrance 1,Entrance 2,1
male,05.09.2025 18:41:49,05.09.2025 18:49:37,Entrance 1,Entrance 2,1
male,05.09.2025 18:43:44,05.09.2025 18:49:44,Entrance 2,None,1
female,05.09.2025 18:40:03,05.09.2025 18:50:03,Entrance 2,Entrance 1,1
male,05.09.2025 18:45:01,05.09.2025 18:50:34,Entrance 2,Entrance 2,1
male,05.09.2025 18:42:24,05.09.2025 18:51:06,Entrance 2,Entrance 1,1
female,05.09.2025 18:46:40,05.09.2025 18:51:31,Entrance 2,Entrance 1,1
car,05.09.2025 17:34:23,05.09.2025 18:52:08,None,None,1
male,05.09.2025 18:45:20,05.09.2025 18:52:14,Entrance 1,Entrance 1,2
female,05.09.2025 18:42:29,05.09.2025 18:52:29,Entrance 2,Entrance 2,1
male,05.09.2025 18:45:27,05.09.2025 18:52:50,Entrance 2,Entrance 2,1
female,05.09.2025 18:49:11,05.09.2025 18:53:01,Entrance 2,Entrance 2,1
female,05.09.2025 18:48:16,05.09.2025 18:53:15,Entrance 1,Entrance 2,1
male,05.09.2025 18:44:26,05.09.2025 18:53:43,Entrance 1,Entrance 2,1
male,05.09.2025 18:43:50,05.09.2025 18:53:50,Entrance 2,Entrance 2,1
male,05.09.2025 18:47:29,05.09.2025 18:53:50,Entrance 1,Entrance 1,2
female,05.09.2025 18:50:51,05.09.2025 18:53:51,None,Entrance 1,2
male,05.09.2025 18:46:37,05.09.2025 18:54:17,Entrance 1,Entrance 1,2
female,05.09.2025 18:47:08,05.09.2025 18:54:25,Entrance 1,Entrance 1,1
female,05.09.2025 18:51:23,05.09.2025 18:54:54,Entrance 1,Entrance 2,1
male,05.09.2025 18:48:54,05.09.2025 18:54:56,Entrance 1,Entrance 1,2
male,05.09.2025 18:51:24,05.09.2025 18:55:08,Entrance 1,Entrance 1,2
male,05.09.2025 18:51:00,05.09.2025 18:55:29,Entrance 1,Entrance 1,2
female,05.09.2025 18:51:46,05.09.2025 18:55:39,None,Entrance 1,2
male,05.09.2025 18:50:53,05.09.2025 18:56:19,Entrance 1,None,2
female,05.09.2025 18:53:07,05.09.2025 18:56:28,Entrance 1,Entrance 2,1
male,05.09.2025 18:51:54,05.09.2025 18:56:31,Entrance 1,Entrance 1,1
male,05.09.2025 18:52:35,05.09.2025 18:57:18,Entrance 1,Entrance 1,1
male,05.09.2025 18:54:23,05.09.2025 18:57:51,Entrance 1,Entrance 1,1
male,05.09.2025 18:50:22,05.09.2025 18:57:52,Entrance 1,Entrance 1,2
female,05.09.2025 18:50:40,05.09.2025 18:57:55,Entrance 1,Entrance 1,2
male,05.09.2025 18:48:00,05.09.2025 18:58:00,Entrance 2,Entrance 2,1
female,05.09.2025 18:51:53,05.09.2025 18:58:04,Entrance 1,Entrance 1,1
female,05.09.2025 18:53:08,05.09.2025 18:58:07,Entrance 1,Entrance 2,1
male,05.09.2025 18:49:10,05.09.2025 18:59:10,Entrance 2,Entrance 2,1
male,05.09.2025 18:49:43,05.09.2025 18:59:43,Entrance 2,Entrance 1,1
male,05.09.2025 18:52:34,05.09.2025 18:59:50,Entrance 1,Entrance 1,2
car,05.09.2025 17:37:23,05.09.2025 18:59:53,None,None,2
male,05.09.2025 18:56:10,05.09.2025 18:59:57,Entrance 1,Entrance 2,1
female,05.09.2025 18:50:02,05.09.2025 19:00:02,Entrance 2,Entrance 2,1
male,05.09.2025 18:53:37,05.09.2025 19:00:13,Entrance 1,Entrance 1,2
male,05.09.2025 18:56:14,05.09.2025 19:00:20,Entrance 1,None,1
male,05.09.2025 18:56:05,05.09.2025 19:00:32,Entrance 1,Entrance 2,1
car,05.09.2025 17:21:23,05.09.2025 19:00:42,None,None,2
female,05.09.2025 18:55:33,05.09.2025 19:01:09,Entrance 1,Entrance 1,2
male,05.09.2025 18:51:46,05.09.2025 19:01:12,Entrance 1,Entrance 1,2
male,05.09.2025 18:51:34,05.09.2025 19:01:34,Entrance 2,Entrance 2,1
female,05.09.2025 18:57:30,05.09.2025 19:01:34,Entrance 1,Entrance 2,1
male,05.09.2025 18:58:28,05.09.2025 19:01:47,Entrance 1,None,1
male,05.09.2025 18:58:21,05.09.2025 19:01:49,Entrance 1,Entrance 2,1
male,05.09.2025 18:54:20,05.09.2025 19:02:08,Entrance 2,Entrance 1,1
female,05.09.2025 18:52:14,05.09.2025 19:02:14,Entrance 2,Entrance 2,1
male,05.09.2025 18:52:58,05.09.2025 19:02:22,Entrance 2,Entrance 2,1
male,05.09.2025 18:57:23,05.09.2025 19:02:22,Entrance 1,Entrance 1,2
male,05.09.2025 18:56:42,05.09.2025 19:03:08,Entrance 2,Entrance 2,1
female,05.09.2025 18:57:29,05.09.2025 19:03:34,Entrance 1,Entrance 1,2
male,05.09.2025 18:56:19,05.09.2025 19:04:04,Entrance 2,Entrance 1,1
male,05.09.2025 18:55:32,05.09.2025 19:04:13,Entrance 2,Entrance 1,1
male,05.09.2025 18:59:20,05.09.2025 19:04:39,None,Entrance 1,2
male,05.09.2025 18:57:54,05.09.2025 19:05:13,Entrance 1,Entrance 1,2
female,05.09.2025 18:59:27,05.09.2025 19:05:46,Entrance 1,None,2
male,05.09.2025 18:59:56,05.09.2025 19:05:57,Entrance 1,Entrance 1,1
female,05.09.2025 19:01:53,05.09.2025 19:09:16,Entrance 1,Entrance 1,2
male,05.09.2025 19:04:52,05.09.2025 19:09:59,Entrance 1,Entrance 1,2
male,05.09.2025 19:04:16,05.09.2025 19:10:55,Entrance 1,Entrance 1,2
male,05.09.2025 19:07:13,05.09.2025 19:12:03,Entrance 1,Entrance 1,2
male,05.09.2025 19:08:35,05.09.2025 19:12:39,Entrance 1,Entrance 1,2
female,05.09.2025 19:09:43,05.09.2025 19:13:09,Entrance 1,Entrance 1,2
male,05.09.2025 19:06:36,05.09.2025 19:13:39,Entrance 1,Entrance 1,2
female,05.09.2025 19:10:49,05.09.2025 19:14:30,Entrance 1,Entrance 1,2
male,05.09.2025 19:10:54,05.09.2025 19:15:05,None,Entrance 1,2
car,05.09.2025 17:27:56,05.09.2025 19:15:47,None,None,1
female,05.09.2025 19:09:56,05.09.2025 19:16:09,Entrance 1,Entrance 1,2
male,05.09.2025 19:13:11,05.09.2025 19:16:11,None,Entrance 1,2
female,05.09.2025 19:13:18,05.09.2025 19:16:31,Entrance 1,Entrance 1,2
male,05.09.2025 19:12:28,05.09.2025 19:16:39,Entrance 1,None,2
car,05.09.2025 18:08:00,05.09.2025 19:17:22,None,None,1
female,05.09.2025 19:12:13,05.09.2025 19:18:02,Entrance 1,Entrance 1,2
male,05.09.2025 19:13:55,05.09.2025 19:18:25,Entrance 1,None,2
female,05.09.2025 19:11:10,05.09.2025 19:18:44,Entrance 1,None,2
male,05.09.2025 19:12:56,05.09.2025 19:19:02,Entrance 1,Entrance 1,2
female,05.09.2025 19:11:33,05.09.2025 19:19:48,Entrance 1,None,2
female,05.09.2025 19:18:10,05.09.2025 19:22:15,Entrance 1,Entrance 1,1
car,05.09.2025 18:05:29,05.09.2025 19:22:16,None,None,2
male,05.09.2025 19:18:18,05.09.2025 19:22:17,Entrance 1,Entrance 1,1
male,05.09.2025 19:16:48,05.09.2025 19:22:24,Entrance 1,Entrance 1,2
male,05.09.2025 19:17:20,05.09.2025 19:22:29,Entrance 1,Entrance 1,2
female,05.09.2025 19:18:47,05.09.2025 19:23:10,Entrance 1,Entrance 2,1
male,05.09.2025 19:20:06,05.09.2025 19:23:38,None,Entrance 1,1
female,05.09.2025 19:18:28,05.09.2025 19:24:07,Entrance 1,Entrance 1,1
male,05.09.2025 19:15:13,05.09.2025 19:24:14,Entrance 1,Entrance 1,2
male,05.09.2025 19:19:50,05.09.2025 19:25:09,Entrance 1,Entrance 1,2
male,05.09.2025 19:21:41,05.09.2025 19:25:25,Entrance 1,Entrance 1,1
male,05.09.2025 19:22:25,05.09.2025 19:25:25,Entrance 1,Entrance 1,1
female,05.09.2025 19:22:35,05.09.2025 19:26:01,Entrance 1,Entrance 1,1
female,05.09.2025 19:21:32,05.09.2025 19:26:10,Entrance 1,Entrance 2,1
male,05.09.2025 19:20:11,05.09.2025 19:26:24,Entrance 1,Entrance 1,1
female,05.09.2025 19:16:56,05.09.2025 19:26:27,Entrance 1,Entrance 1,2
male,05.09.2025 19:23:43,05.09.2025 19:26:43,Entrance 1,Entrance 2,1
female,05.09.2025 19:20:56,05.09.2025 19:26:59,Entrance 1,Entrance 1,1
male,05.09.2025 19:22:40,05.09.2025 19:27:04,Entrance 1,Entrance 1,1
female,05.09.2025 19:19:59,05.09.2025 19:27:43,Entrance 1,Entrance 1,1
male,05.09.2025 19:24:39,05.09.2025 19:27:46,Entrance 1,Entrance 1,2
female,05.09.2025 19:24:15,05.09.2025 19:27:53,Entrance 1,Entrance 1,2
male,05.09.2025 19:24:06,05.09.2025 19:28:31,Entrance 1,None,1
male,05.09.2025 19:21:44,05.09.2025 19:28:34,Entrance 1,Entrance 1,2
female,05.09.2025 19:24:56,05.09.2025 19:29:38,Entrance 1,Entrance 2,1
male,05.09.2025 19:25:23,05.09.2025 19:29:39,Entrance 1,Entrance 1,1
female,05.09.2025 19:24:27,05.09.2025 19:29:40,Entrance 1,Entrance 1,2
female,05.09.2025 19:25:37,05.09.2025 19:30:08,Entrance 1,Entrance 1,1
male,05.09.2025 19:21:37,05.09.2025 19:30:16,Entrance 2,Entrance 1,1
female,05.09.2025 19:27:46,05.09.2025 19:30:46,Entrance 1,Entrance 1,2
car,05.09.2025 17:37:11,05.09.2025 19:30:57,None,None,2
male,05.09.2025 19:26:55,05.09.2025 19:31:28,Entrance 1,Entrance 1,1
male,05.09.2025 19:21:30,05.09.2025 19:31:30,Entrance 2,Entrance 1,1
female,05.09.2025 19:27:04,05.09.2025 19:31:38,Entrance 1,None,1
female,05.09.2025 19:27:33,05.09.2025 19:31:41,Entrance 1,Entrance 2,1
male,05.09.2025 19:24:24,05.09.2025 19:31:53,Entrance 1,Entrance 1,2
male,05.09.2025 19:27:07,05.09.2025 19:33:05,Entrance 1,Entrance 1,1
male,05.09.2025 19:30:57,05.09.2025 19:34:11,Entrance 1,Entrance 2,1
male,05.09.2025 19:27:19,05.09.2025 19:34:43,Entrance 1,Entrance 1,2
female,05.09.2025 19:28:36,05.09.2025 19:34:58,Entrance 2,Entrance 2,1
male,05.09.2025 19:32:04,05.09.2025 19:35:12,Entrance 1,Entrance 1,2
female,05.09.2025 19:28:24,05.09.2025 19:35:12,Entrance 1,Entrance 1,2
female,05.09.2025 19:28:34,05.09.2025 19:35:22,Entrance 1,Entrance 2,1
female,05.09.2025 19:32:29,05.09.2025 19:35:29,Entrance 1,Entrance 2,1
male,05.09.2025 19:30:10,05.09.2025 19:35:34,Entrance 2,Entrance 1,1
male,05.09.2025 19:27:57,05.09.2025 19:35:42,Entrance 1,Entrance 1,2
female,05.09.2025 19:27:50,05.09.2025 19:35:44,Entrance 1,Entrance 1,2
female,05.09.2025 19:29:46,05.09.2025 19:36:04,Entrance 2,Entrance 2,1
male,05.09.2025 19:28:11,05.09.2025 19:36:17,Entrance 2,Entrance 2,1
male,05.09.2025 19:30:21,05.09.2025 19:36:28,Entrance 2,Entrance 2,1
female,05.09.2025 19:32:04,05.09.2025 19:36:40,Entrance 1,Entrance 1,2
female,05.09.2025 19:33:30,05.09.2025 19:37:17,Entrance 2,Entrance 2,1
female,05.09.2025 19:32:13,05.09.2025 19:37:30,Entrance 1,Entrance 2,1
female,05.09.2025 19:34:36,05.09.2025 19:37:36,Entrance 1,Entrance 1,2
female,05.09.2025 19:34:53,05.09.2025 19:39:13,Entrance 1,Entrance 1,2
male,05.09.2025 19:36:18,05.09.2025 19:39:18,Entrance 1,Entrance 2,1
female,05.09.2025 19:35:44,05.09.2025 19:39:40,Entrance 1,Entrance 1,1
car,05.09.2025 18:32:14,05.09.2025 19:39:54,None,None,1
male,05.09.2025 19:35:28,05.09.2025 19:40:29,Entrance 2,Entrance 1,1
female,05.09.2025 19:32:26,05.09.2025 19:40:29,Entrance 1,Entrance 1,1
male,05.09.2025 19:31:36,05.09.2025 19:40:37,Entrance 2,Entrance 2,1
car,05.09.2025 19:04:58,05.09.2025 19:40:49,None,None,1
female,05.09.2025 19:32:24,05.09.2025 19:40:50,Entrance 1,Entrance 2,1
male,05.09.2025 19:33:54,05.09.2025 19:41:00,Entrance 1,Entrance 1,2
female,05.09.2025 19:34:03,05.09.2025 19:41:06,Entrance 2,None,1
female,05.09.2025 19:35:35,05.09.2025 19:41:18,Entrance 1,Entrance 2,1
male,05.09.2025 19:33:06,05.09.2025 19:41:25,Entrance 2,Entrance 2,1
male,05.09.2025 19:35:15,05.09.2025 19:41:52,Entrance 2,Entrance 1,1
male,05.09.2025 19:37:18,05.09.2025 19:41:53,Entrance 1,None,2
female,05.09.2025 19:38:23,05.09.2025 19:42:10,None,Entrance 1,2
car,05.09.2025 18:20:48,05.09.2025 19:42:33,None,None,2
female,05.09.2025 19:38:55,05.09.2025 19:42:39,Entrance 1,Entrance 1,1
female,05.09.2025 19:36:48,05.09.2025 19:42:58,Entrance 1,Entrance 1,1
male,05.09.2025 19:38:18,05.09.2025 19:43:42,Entrance 1,Entrance 1,1
male,05.09.2025 19:38:31,05.09.2025 19:43:43,Entrance 1,Entrance 2,1
male,05.09.2025 19:35:33,05.09.2025 19:43:55,Entrance 1,Entrance 1,2
male,05.09.2025 19:38:53,05.09.2025 19:44:10,Entrance 1,Entrance 2,1
male,05.09.2025 19:37:15,05.09.2025 19:44:12,Entrance 1,Entrance 1,2
male,05.09.2025 19:35:04,05.09.2025 19:44:30,Entrance 2,Entrance 1,1
male,05.09.2025 19:41:38,05.09.2025 19:44:38,Entrance 1,Entrance 1,1
female,05.09.2025 19:38:30,05.09.2025 19:45:17,Entrance 2,Entrance 2,1
car,05.09.2025 19:04:29,05.09.2025 19:45:27,None,None,1
female,05.09.2025 19:39:31,05.09.2025 19:45:42,Entrance 1,Entrance 1,2
male,05.09.2025 19:40:26,05.09.2025 19:45:44,Entrance 1,Entrance 1,1
female,05.09.2025 19:37:22,05.09.2025 19:45:54,Entrance 2,Entrance 1,1
female,05.09.2025 19:42:49,05.09.2025 19:45:56,Entrance 1,Entrance 1,2
female,05.09.2025 19:38:56,05.09.2025 19:46:07,Entrance 2,Entrance 2,1
female,05.09.2025 19:38:28,05.09.2025 19:46:21,Entrance 2,Entrance 1,1
male,05.09.2025 19:39:32,05.09.2025 19:46:40,Entrance 2,None,1
male,05.09.2025 19:44:28,05.09.2025 19:47:56,Entrance 1,Entrance 1,2
male,05.09.2025 19:41:31,05.09.2025 19:48:13,Entrance 1,Entrance 1,2
male,05.09.2025 19:41:06,05.09.2025 19:48:18,Entrance 1,Entrance 2,1
male,05.09.2025 19:42:24,05.09.2025 19:48:30,Entrance 1,None,1
female,05.09.2025 19:42:51,05.09.2025 19:49:16,Entrance 1,Entrance 2,1
female,05.09.2025 19:45:06,05.09.2025 19:49:42,Entrance 1,Entrance 1,1
male,05.09.2025 19:45:04,05.09.2025 19:50:11,Entrance 1,Entrance 1,2
male,05.09.2025 19:44:08,05.09.2025 19:50:38,Entrance 1,Entrance 1,1
male,05.09.2025 19:45:18,05.09.2025 19:50:45,Entrance 1,Entrance 1,1
male,05.09.2025 19:45:54,05.09.2025 19:51:23,Entrance 1,Entrance 1,2
female,05.09.2025 19:41:29,05.09.2025 19:51:29,Entrance 2,Entrance 1,1
male,05.09.2025 19:48:52,05.09.2025 19:52:07,None,Entrance 1,2
female,05.09.2025 19:49:08,05.09.2025 19:52:08,None,Entrance 1,2
female,05.09.2025 19:49:06,05.09.2025 19:52:19,Entrance 1,Entrance 1,1
male,05.09.2025 19:49:19,05.09.2025 19:52:32,Entrance 1,Entrance 2,1
male,05.09.2025 19:49:27,05.09.2025 19:52:42,Entrance 1,Entrance 1,1
car,05.09.2025 18:34:26,05.09.2025 19:52:46,None,None,1
female,05.09.2025 19:48:17,05.09.2025 19:52:53,Entrance 1,Entrance 1,2
male,05.09.2025 19:48:36,05.09.2025 19:53:07,Entrance 1,Entrance 1,2
female,05.09.2025 19:45:33,05.09.2025 19:53:16,Entrance 1,Entrance 1,1
male,05.09.2025 19:48:56,05.09.2025 19:53:31,Entrance 1,Entrance 2,1
male,05.09.2025 19:44:37,05.09.2025 19:53:46,Entrance 1,Entrance 1,2
female,05.09.2025 19:47:42,05.09.2025 19:54:06,Entrance 1,Entrance 1,1
male,05.09.2025 19:48:30,05.09.2025 19:54:14,Entrance 1,Entrance 1,2
female,05.09.2025 19:51:27,05.09.2025 19:54:39,Entrance 1,Entrance 2,1
male,05.09.2025 19:50:37,05.09.2025 19:54:53,Entrance 1,Entrance 1,2
female,05.09.2025 19:47:13,05.09.2025 19:55:11,Entrance 2,Entrance 1,1
male,05.09.2025 19:51:58,05.09.2025 19:55:33,Entrance 1,Entrance 2,1
female,05.09.2025 19:45:48,05.09.2025 19:55:48,Entrance 2,Entrance 2,1
male,05.09.2025 19:53:14,05.09.2025 19:56:14,Entrance 1,Entrance 1,2
male,05.09.2025 19:49:20,05.09.2025 19:56:48,Entrance 2,Entrance 2,1
male,05.09.2025 19:52:08,05.09.2025 19:56:49,Entrance 1,Entrance 2,1
female,05.09.2025 19:52:03,05.09.2025 19:56:53,None,Entrance 1,1
female,05.09.2025 19:52:48,05.09.2025 19:56:54,Entrance 1,Entrance 2,1
male,05.09.2025 19:50:57,05.09.2025 19:58:05,Entrance 1,Entrance 1,2
male,05.09.2025 19:51:25,05.09.2025 19:58:15,Entrance 1,Entrance 1,2
female,05.09.2025 19:52:02,05.09.2025 19:58:30,Entrance 2,Entrance 1,1
car,05.09.2025 18:43:54,05.09.2025 19:58:40,None,None,1
female,05.09.2025 19:54:09,05.09.2025 19:58:56,Entrance 1,Entrance 1,2
female,05.09.2025 19:53:16,05.09.2025 19:59:01,Entrance 1,Entrance 1,2
female,05.09.2025 19:56:42,05.09.2025 19:59:55,Entrance 1,Entrance 1,1
male,05.09.2025 19:51:38,05.09.2025 20:01:24,Entrance 2,Entrance 1,1
male,05.09.2025 19:54:50,05.09.2025 20:01:28,Entrance 1,Entrance 1,2
female,05.09.2025 19:55:41,05.09.2025 20:01:35,Entrance 1,Entrance 1,1
male,05.09.2025 19:53:08,05.09.2025 20:01:47,Entrance 1,Entrance 2,1
male,05.09.2025 19:59:13,05.09.2025 20:02:13,Entrance 1,Entrance 1,2
male,05.09.2025 19:53:11,05.09.2025 20:03:11,Entrance 2,Entrance 2,1
male,05.09.2025 19:59:16,05.09.2025 20:03:12,Entrance 1,Entrance 1,2
car,05.09.2025 18:39:56,05.09.2025 20:03:58,None,None,1
male,05.09.2025 19:57:32,05.09.2025 20:04:04,Entrance 1,Entrance 1,2
female,05.09.2025 19:56:16,05.09.2025 20:04:38,Entrance 2,Entrance 1,1
male,05.09.2025 19:58:43,05.09.2025 20:04:39,Entrance 1,Entrance 2,1
male,05.09.2025 19:59:02,05.09.2025 20:04:46,Entrance 1,Entrance 1,1
male,05.09.2025 19:59:20,05.09.2025 20:05:16,Entrance 2,Entrance 1,1
car,05.09.2025 18:01:08,05.09.2025 20:05:54,None,None,1
female,05.09.2025 20:00:51,05.09.2025 20:06:11,Entrance 1,Entrance 1,2
female,05.09.2025 20:01:47,05.09.2025 20:06:25,Entrance 1,Entrance 1,2
female,05.09.2025 19:57:30,05.09.2025 20:07:30,Entrance 2,Entrance 2,1
female,05.09.2025 20:04:20,05.09.2025 20:07:55,Entrance 1,Entrance 1,2
car,05.09.2025 17:31:21,05.09.2025 20:08:44,None,None,1
male,05.09.2025 20:04:04,05.09.2025 20:09:17,Entrance 1,Entrance 1,2
female,05.09.2025 20:02:26,05.09.2025 20:09:21,Entrance 1,Entrance 1,2
male,05.09.2025 20:06:16,05.09.2025 20:10:18,Entrance 1,Entrance 1,2
male,05.09.2025 20:01:53,05.09.2025 20:11:53,Entrance 1,Entrance 1,2
male,05.09.2025 20:06:30,05.09.2025 20:14:26,Entrance 1,Entrance 1,2
car,05.09.2025 19:06:09,05.09.2025 20:14:52,None,None,1
male,05.09.2025 20:11:39,05.09.2025 20:15:36,Entrance 1,Entrance 1,2
male,05.09.2025 20:08:31,05.09.2025 20:16:29,Entrance 1,Entrance 1,2
male,05.09.2025 20:13:31,05.09.2025 20:18:08,Entrance 1,Entrance 1,2
male,05.09.2025 20:10:38,05.09.2025 20:18:36,Entrance 1,Entrance 1,2
male,05.09.2025 20:14:27,05.09.2025 20:19:19,Entrance 1,Entrance 1,2
male,05.09.2025 20:15:22,05.09.2025 20:19:37,Entrance 1,Entrance 1,2
male,05.09.2025 20:12:33,05.09.2025 20:20:12,Entrance 1,Entrance 1,2
female,05.09.2025 20:18:08,05.09.2025 20:21:18,Entrance 1,Entrance 2,1
male,05.09.2025 20:11:26,05.09.2025 20:21:26,Entrance 1,Entrance 1,2
male,05.09.2025 20:16:35,05.09.2025 20:22:57,Entrance 1,Entrance 1,2
male,05.09.2025 20:19:07,05.09.2025 20:23:04,Entrance 1,Entrance 1,1
female,05.09.2025 20:20:13,05.09.2025 20:23:13,Entrance 1,Entrance 1,1
car,05.09.2025 18:42:49,05.09.2025 20:23:52,None,None,1
female,05.09.2025 20:20:12,05.09.2025 20:25:14,Entrance 1,Entrance 2,1
female,05.09.2025 20:18:26,05.09.2025 20:25:21,Entrance 1,Entrance 1,1
female,05.09.2025 20:16:27,05.09.2025 20:25:22,Entrance 1,Entrance 1,2
male,05.09.2025 20:18:10,05.09.2025 20:25:32,Entrance 1,None,2
female,05.09.2025 20:21:33,05.09.2025 20:26:10,Entrance 1,None,1
male,05.09.2025 20:20:33,05.09.2025 20:26:10,Entrance 2,Entrance 1,1
male,05.09.2025 20:18:15,05.09.2025 20:26:14,Entrance 2,Entrance 2,1
female,05.09.2025 20:19:27,05.09.2025 20:27:00,Entrance 2,Entrance 2,1
male,05.09.2025 20:24:08,05.09.2025 20:27:09,Entrance 1,Entrance 1,1
female,05.09.2025 20:18:12,05.09.2025 20:27:11,Entrance 2,Entrance 2,1
female,05.09.2025 20:21:28,05.09.2025 20:27:35,Entrance 1,Entrance 1,2
male,05.09.2025 20:23:01,05.09.2025 20:27:45,Entrance 2,Entrance 2,1
female,05.09.2025 20:22:01,05.09.2025 20:27:56,Entrance 1,Entrance 1,2
male,05.09.2025 20:21:51,05.09.2025 20:28:33,Entrance 1,Entrance 1,1
female,05.09.2025 20:24:59,05.09.2025 20:28:35,Entrance 1,Entrance 1,1
male,05.09.2025 20:25:47,05.09.2025 20:28:47,None,None,2
car,05.09.2025 18:37:57,05.09.2025 20:29:07,None,None,1
male,05.09.2025 20:26:34,05.09.2025 20:29:34,None,Entrance 1,2
female,05.09.2025 20:24:32,05.09.2025 20:30:06,Entrance 1,Entrance 1,2
female,05.09.2025 20:21:59,05.09.2025 20:30:43,Entrance 1,Entrance 1,1
female,05.09.2025 20:26:24,05.09.2025 20:30:47,Entrance 1,Entrance 2,1
male,05.09.2025 20:21:17,05.09.2025 20:31:03,Entrance 1,Entrance 1,2
female,05.09.2025 20:22:37,05.09.2025 20:31:32,Entrance 1,Entrance 1,2
female,05.09.2025 20:26:24,05.09.2025 20:31:46,Entrance 1,Entrance 1,1
female,05.09.2025 20:24:55,05.09.2025 20:32:25,Entrance 1,None,2
male,05.09.2025 20:23:12,05.09.2025 20:33:05,Entrance 2,Entrance 2,1
female,05.09.2025 20:27:34,05.09.2025 20:33:09,Entrance 1,Entrance 1,2
car,05.09.2025 17:24:38,05.09.2025 20:33:31,None,None,1
female,05.09.2025 20:23:39,05.09.2025 20:33:39,Entrance 2,Entrance 1,1
male,05.09.2025 20:28:14,05.09.2025 20:33:40,Entrance 1,Entrance 1,2
male,05.09.2025 20:23:48,05.09.2025 20:33:48,Entrance 2,Entrance 1,1
male,05.09.2025 20:29:57,05.09.2025 20:34:07,Entrance 1,Entrance 2,1
male,05.09.2025 20:29:17,05.09.2025 20:34:31,Entrance 2,Entrance 1,1
female,05.09.2025 20:30:52,05.09.2025 20:35:21,Entrance 2,Entrance 1,1
female,05.09.2025 20:30:47,05.09.2025 20:35:59,Entrance 1,Entrance 2,1
female,05.09.2025 20:33:19,05.09.2025 20:36:19,Entrance 2,Entrance 1,1
male,05.09.2025 20:27:09,05.09.2025 20:36:24,Entrance 1,Entrance 2,1
male,05.09.2025 20:32:03,05.09.2025 20:36:28,Entrance 1,Entrance 1,2
female,05.09.2025 20:26:37,05.09.2025 20:36:37,Entrance 1,Entrance 1,2
male,05.09.2025 20:26:44,05.09.2025 20:36:44,Entrance 1,Entrance 2,1
male,05.09.2025 20:33:53,05.09.2025 20:37:03,None,Entrance 1,2
male,05.09.2025 20:33:51,05.09.2025 20:37:18,None,Entrance 1,2
male,05.09.2025 20:27:47,05.09.2025 20:37:44,Entrance 2,None,1
male,05.09.2025 20:30:54,05.09.2025 20:37:48,Entrance 2,None,1
car,05.09.2025 18:34:19,05.09.2025 20:38:23,None,None,1
male,05.09.2025 20:35:25,05.09.2025 20:38:25,Entrance 1,Entrance 2,1
car,05.09.2025 19:26:29,05.09.2025 20:38:30,None,None,2
male,05.09.2025 20:29:13,05.09.2025 20:38:31,Entrance 2,Entrance 1,1
female,05.09.2025 20:35:06,05.09.2025 20:39:33,Entrance 1,Entrance 2,1
male,05.09.2025 20:36:46,05.09.2025 20:39:46,Entrance 1,Entrance 2,1
male,05.09.2025 20:32:02,05.09.2025 20:40:00,Entrance 1,Entrance 1,2
male,05.09.2025 20:37:26,05.09.2025 20:40:29,Entrance 1,Entrance 2,1
male,05.09.2025 20:31:23,05.09.2025 20:41:23,Entrance 2,Entrance 1,1
car,05.09.2025 19:06:36,05.09.2025 20:41:26,None,None,1
male,05.09.2025 20:35:53,05.09.2025 20:41:27,Entrance 1,Entrance 1,1
male,05.09.2025 20:34:47,05.09.2025 20:41:54,Entrance 2,Entrance 1,1
male,05.09.2025 20:35:44,05.09.2025 20:42:06,Entrance 1,Entrance 1,2
female,05.09.2025 20:35:30,05.09.2025 20:42:19,Entrance 2,Entrance 1,1
male,05.09.2025 20:37:15,05.09.2025 20:42:21,Entrance 1,Entrance 1,2
male,05.09.2025 20:35:19,05.09.2025 20:42:35,Entrance 1,Entrance 1,2
female,05.09.2025 20:38:32,05.09.2025 20:43:03,Entrance 2,Entrance 1,1
male,05.09.2025 20:39:42,05.09.2025 20:43:41,Entrance 1,Entrance 2,1
male,05.09.2025 20:39:12,05.09.2025 20:44:01,Entrance 1,Entrance 1,2
male,05.09.2025 20:38:49,05.09.2025 20:44:03,Entrance 2,Entrance 1,1
male,05.09.2025 20:38:00,05.09.2025 20:44:42,Entrance 1,Entrance 1,1
female,05.09.2025 20:38:30,05.09.2025 20:44:55,Entrance 1,Entrance 1,1
female,05.09.2025 20:37:45,05.09.2025 20:45:31,Entrance 2,Entrance 1,1
male,05.09.2025 20:42:40,05.09.2025 20:45:40,None,Entrance 2,1
male,05.09.2025 20:40:15,05.09.2025 20:45:58,Entrance 2,Entrance 1,1
male,05.09.2025 20:38:51,05.09.2025 20:46:39,Entrance 1,Entrance 1,2
female,05.09.2025 20:40:21,05.09.2025 20:46:42,Entrance 1,None,2
male,05.09.2025 20:43:43,05.09.2025 20:46:43,Entrance 1,Entrance 1,1
female,05.09.2025 20:37:02,05.09.2025 20:46:48,None,Entrance 1,1
male,05.09.2025 20:40:17,05.09.2025 20:47:11,Entrance 1,Entrance 1,2
male,05.09.2025 20:37:23,05.09.2025 20:47:23,Entrance 1,None,2
male,05.09.2025 20:40:12,05.09.2025 20:47:26,Entrance 1,Entrance 1,2
car,05.09.2025 17:48:41,05.09.2025 20:47:52,None,None,1
male,05.09.2025 20:38:10,05.09.2025 20:48:06,Entrance 2,Entrance 1,1
car,05.09.2025 19:14:02,05.09.2025 20:48:30,None,None,1
male,05.09.2025 20:43:42,05.09.2025 20:48:45,Entrance 1,Entrance 1,2
male,05.09.2025 20:43:13,05.09.2025 20:49:04,Entrance 1,Entrance 2,1
female,05.09.2025 20:43:06,05.09.2025 20:49:14,Entrance 1,Entrance 1,2
car,05.09.2025 19:38:16,05.09.2025 20:49:41,None,None,2
female,05.09.2025 20:39:49,05.09.2025 20:49:49,Entrance 2,Entrance 1,1
female,05.09.2025 20:44:02,05.09.2025 20:49:55,Entrance 1,Entrance 1,2
male,05.09.2025 20:40:03,05.09.2025 20:50:03,Entrance 1,Entrance 1,2
car,05.09.2025 20:13:51,05.09.2025 20:50:24,None,None,1
male,05.09.2025 20:44:14,05.09.2025 20:51:10,Entrance 2,Entrance 1,1
male,05.09.2025 20:43:05,05.09.2025 20:51:29,Entrance 2,Entrance 2,1
male,05.09.2025 20:44:43,05.09.2025 20:52:18,Entrance 1,Entrance 2,1
male,05.09.2025 20:46:40,05.09.2025 20:52:48,Entrance 1,Entrance 1,2
female,05.09.2025 20:44:43,05.09.2025 20:52:49,Entrance 1,None,2
male,05.09.2025 20:44:38,05.09.2025 20:53:27,Entrance 2,Entrance 1,1
male,05.09.2025 20:43:29,05.09.2025 20:53:29,Entrance 2,Entrance 2,1
male,05.09.2025 20:48:17,05.09.2025 20:54:04,Entrance 1,Entrance 1,2
male,05.09.2025 20:50:22,05.09.2025 20:54:42,Entrance 1,Entrance 1,1
female,05.09.2025 20:49:29,05.09.2025 20:54:49,Entrance 1,Entrance 1,1
male,05.09.2025 20:50:42,05.09.2025 20:55:12,Entrance 1,Entrance 1,1
male,05.09.2025 20:47:47,05.09.2025 20:55:19,Entrance 1,Entrance 1,2
female,05.09.2025 20:52:35,05.09.2025 20:55:35,Entrance 1,None,2
female,05.09.2025 20:51:48,05.09.2025 20:56:21,Entrance 1,Entrance 1,1
female,05.09.2025 20:53:09,05.09.2025 20:57:00,Entrance 2,Entrance 2,1
female,05.09.2025 20:50:30,05.09.2025 20:57:11,Entrance 1,None,2
male,05.09.2025 20:48:55,05.09.2025 20:57:12,Entrance 2,Entrance 1,1
male,05.09.2025 20:53:53,05.09.2025 20:57:46,Entrance 1,Entrance 1,2
male,05.09.2025 20:54:54,05.09.2025 20:57:54,None,Entrance 1,2
female,05.09.2025 20:54:56,05.09.2025 20:57:56,Entrance 1,Entrance 1,1
male,05.09.2025 20:55:02,05.09.2025 20:58:53,Entrance 1,Entrance 1,2
female,05.09.2025 20:50:30,05.09.2025 20:58:53,Entrance 2,Entrance 1,1
female,05.09.2025 20:55:38,05.09.2025 20:59:00,None,Entrance 1,2
male,05.09.2025 20:56:33,05.09.2025 20:59:33,Entrance 1,Entrance 1,1
male,05.09.2025 20:55:51,05.09.2025 20:59:36,Entrance 2,Entrance 1,1
female,05.09.2025 20:51:42,05.09.2025 20:59:39,Entrance 1,Entrance 2,1
female,05.09.2025 20:53:51,05.09.2025 20:59:44,Entrance 1,Entrance 1,2
female,05.09.2025 20:53:39,05.09.2025 20:59:46,Entrance 1,Entrance 1,1
male,05.09.2025 20:55:44,05.09.2025 20:59:53,Entrance 1,Entrance 1,1
female,05.09.2025 20:55:50,05.09.2025 21:00:02,Entrance 1,Entrance 1,2
male,05.09.2025 20:54:01,05.09.2025 21:00:04,Entrance 2,Entrance 1,1
female,05.09.2025 20:58:37,05.09.2025 21:01:37,Entrance 1,Entrance 1,1
car,05.09.2025 19:31:09,05.09.2025 21:01:38,None,None,2
male,05.09.2025 20:57:20,05.09.2025 21:02:23,Entrance 1,Entrance 2,1
male,05.09.2025 20:58:46,05.09.2025 21:02:32,Entrance 1,Entrance 1,1
female,05.09.2025 20:53:51,05.09.2025 21:02:35,Entrance 1,Entrance 1,2
male,05.09.2025 20:53:01,05.09.2025 21:03:01,Entrance 2,Entrance 1,1
female,05.09.2025 20:58:36,05.09.2025 21:03:02,Entrance 1,None,1
female,05.09.2025 20:56:50,05.09.2025 21:03:27,Entrance 1,Entrance 1,2
female,05.09.2025 21:00:26,05.09.2025 21:03:39,None,Entrance 1,2
car,05.09.2025 20:42:02,05.09.2025 21:04:29,None,None,1
male,05.09.2025 21:01:31,05.09.2025 21:04:31,None,Entrance 1,2
male,05.09.2025 20:57:40,05.09.2025 21:04:54,Entrance 1,Entrance 2,1
male,05.09.2025 20:59:59,05.09.2025 21:05:11,Entrance 1,Entrance 2,1
male,05.09.2025 20:58:15,05.09.2025 21:05:45,Entrance 1,Entrance 1,1
female,05.09.2025 20:58:32,05.09.2025 21:08:26,Entrance 2,Entrance 1,1
female,05.09.2025 21:06:01,05.09.2025 21:09:55,Entrance 1,Entrance 1,2
car,05.09.2025 18:17:43,05.09.2025 21:10:14,None,None,2
car,05.09.2025 19:23:55,05.09.2025 21:10:35,None,None,2
car,05.09.2025 20:24:57,05.09.2025 21:11:24,None,None,2
male,05.09.2025 21:03:56,05.09.2025 21:12:08,Entrance 1,None,2
male,05.09.2025 21:07:26,05.09.2025 21:12:16,Entrance 1,Entrance 1,2
car,05.09.2025 19:49:02,05.09.2025 21:12:35,None,None,1
male,05.09.2025 21:10:16,05.09.2025 21:13:44,Entrance 1,Entrance 1,2
male,05.09.2025 21:08:40,05.09.2025 21:14:25,Entrance 1,Entrance 1,2
female,05.09.2025 21:10:07,05.09.2025 21:14:38,Entrance 1,Entrance 1,2
female,05.09.2025 21:08:05,05.09.2025 21:14:53,Entrance 1,Entrance 1,2
car,05.09.2025 18:36:50,05.09.2025 21:15:50,None,None,1
male,05.09.2025 21:11:54,05.09.2025 21:18:12,Entrance 1,Entrance 1,2
female,05.09.2025 21:15:32,05.09.2025 21:19:27,Entrance 1,Entrance 1,2
female,05.09.2025 21:15:23,05.09.2025 21:22:54,Entrance 1,Entrance 1,2
female,05.09.2025 21:20:01,05.09.2025 21:23:08,Entrance 1,Entrance 1,2
male,05.09.2025 21:18:45,05.09.2025 21:24:04,Entrance 1,Entrance 2,1
male,05.09.2025 21:18:04,05.09.2025 21:25:30,Entrance 1,Entrance 1,2
car,05.09.2025 20:37:24,05.09.2025 21:26:05,None,None,2
car,05.09.2025 19:27:43,05.09.2025 21:27:14,None,None,1
female,05.09.2025 21:24:15,05.09.2025 21:27:15,Entrance 1,Entrance 2,1
male,05.09.2025 21:18:59,05.09.2025 21:27:29,Entrance 2,Entrance 2,1
car,05.09.2025 20:25:33,05.09.2025 21:28:04,None,None,1
female,05.09.2025 21:19:53,05.09.2025 21:28:12,Entrance 1,None,2
male,05.09.2025 21:19:33,05.09.2025 21:29:33,Entrance 2,Entrance 1,1
female,05.09.2025 21:20:01,05.09.2025 21:30:01,Entrance 2,None,1
car,05.09.2025 20:44:45,05.09.2025 21:30:03,None,None,1
male,05.09.2025 21:26:38,05.09.2025 21:30:52,Entrance 1,Entrance 1,2
car,05.09.2025 20:39:59,05.09.2025 21:31:04,None,None,2
female,05.09.2025 21:26:59,05.09.2025 21:31:21,Entrance 1,Entrance 1,1
male,05.09.2025 21:25:33,05.09.2025 21:32:05,Entrance 1,Entrance 1,2
female,05.09.2025 21:26:41,05.09.2025 21:32:28,Entrance 1,Entrance 1,1
male,05.09.2025 21:27:48,05.09.2025 21:33:39,Entrance 1,Entrance 2,1
female,05.09.2025 21:30:58,05.09.2025 21:33:58,Entrance 1,Entrance 2,1
male,05.09.2025 21:27:31,05.09.2025 21:33:58,None,Entrance 1,2
male,05.09.2025 21:31:10,05.09.2025 21:34:10,Entrance 1,Entrance 1,1
female,05.09.2025 21:28:34,05.09.2025 21:34:28,Entrance 1,Entrance 1,2
car,05.09.2025 20:41:36,05.09.2025 21:34:41,None,None,1
female,05.09.2025 21:29:23,05.09.2025 21:35:17,Entrance 1,Entrance 2,1
female,05.09.2025 21:25:19,05.09.2025 21:35:19,Entrance 2,Entrance 2,1
female,05.09.2025 21:29:14,05.09.2025 21:35:48,Entrance 1,Entrance 1,1
male,05.09.2025 21:29:16,05.09.2025 21:36:36,Entrance 1,Entrance 1,2
female,05.09.2025 21:33:37,05.09.2025 21:36:37,None,Entrance 2,1
car,05.09.2025 21:07:31,05.09.2025 21:37:09,None,None,2
male,05.09.2025 21:31:25,05.09.2025 21:37:12,Entrance 1,Entrance 1,2
male,05.09.2025 21:32:43,05.09.2025 21:37:29,Entrance 1,Entrance 1,2
female,05.09.2025 21:31:58,05.09.2025 21:37:52,Entrance 2,Entrance 1,1
male,05.09.2025 21:30:35,05.09.2025 21:38:01,Entrance 1,Entrance 1,2
female,05.09.2025 21:34:03,05.09.2025 21:38:20,Entrance 1,Entrance 2,1
male,05.09.2025 21:35:41,05.09.2025 21:39:40,Entrance 2,Entrance 2,1
female,05.09.2025 21:35:40,05.09.2025 21:40:38,Entrance 1,Entrance 1,1
male,05.09.2025 21:35:25,05.09.2025 21:41:40,Entrance 1,Entrance 2,1
female,05.09.2025 21:31:40,05.09.2025 21:41:40,Entrance 1,Entrance 1,2
female,05.09.2025 21:32:23,05.09.2025 21:41:53,Entrance 1,Entrance 1,1
male,05.09.2025 21:37:10,05.09.2025 21:42:02,Entrance 1,Entrance 1,2
male,05.09.2025 21:37:07,05.09.2025 21:42:06,Entrance 1,Entrance 2,1
car,05.09.2025 20:24:30,05.09.2025 21:42:22,None,None,2
male,05.09.2025 21:35:23,05.09.2025 21:42:37,Entrance 1,Entrance 2,1
male,05.09.2025 21:39:45,05.09.2025 21:43:13,Entrance 1,None,1
female,05.09.2025 21:37:55,05.09.2025 21:43:30,Entrance 1,Entrance 1,2
male,05.09.2025 21:37:08,05.09.2025 21:43:32,Entrance 2,Entrance 1,1
car,05.09.2025 20:28:24,05.09.2025 21:44:15,None,None,1
female,05.09.2025 21:38:52,05.09.2025 21:45:02,Entrance 1,Entrance 1,2
female,05.09.2025 21:41:52,05.09.2025 21:45:50,Entrance 1,Entrance 2,1
male,05.09.2025 21:35:58,05.09.2025 21:45:58,Entrance 2,Entrance 1,1
female,05.09.2025 21:36:23,05.09.2025 21:46:23,Entrance 2,Entrance 1,1
female,05.09.2025 21:43:49,05.09.2025 21:47:14,Entrance 1,Entrance 1,2
male,05.09.2025 21:40:23,05.09.2025 21:47:17,Entrance 1,Entrance 1,2
car,05.09.2025 19:56:34,05.09.2025 21:47:49,None,None,1
male,05.09.2025 21:38:58,05.09.2025 21:48:58,Entrance 2,Entrance 2,1
male,05.09.2025 21:41:33,05.09.2025 21:49:07,Entrance 1,Entrance 2,1
male,05.09.2025 21:39:45,05.09.2025 21:49:16,Entrance 2,Entrance 2,1
female,05.09.2025 21:43:34,05.09.2025 21:50:02,Entrance 2,Entrance 2,1
car,05.09.2025 21:14:06,05.09.2025 21:50:06,None,None,1
female,05.09.2025 21:46:00,05.09.2025 21:50:07,Entrance 1,Entrance 2,1
female,05.09.2025 21:45:39,05.09.2025 21:51:11,Entrance 1,None,2
male,05.09.2025 21:45:27,05.09.2025 21:52:49,Entrance 1,Entrance 2,1
car,05.09.2025 20:50:57,05.09.2025 21:53:39,None,None,2
female,05.09.2025 21:50:23,05.09.2025 21:53:55,Entrance 1,Entrance 2,1
female,05.09.2025 21:49:50,05.09.2025 21:54:53,Entrance 2,Entrance 1,1
female,05.09.2025 21:50:45,05.09.2025 21:54:57,Entrance 1,Entrance 1,2
male,05.09.2025 21:50:25,05.09.2025 21:55:41,Entrance 1,Entrance 2,1
female,05.09.2025 21:49:59,05.09.2025 21:55:49,Entrance 1,Entrance 1,2
male,05.09.2025 21:51:15,05.09.2025 21:56:11,Entrance 1,Entrance 1,1
car,05.09.2025 20:40:57,05.09.2025 21:56:43,None,None,1
car,05.09.2025 20:48:47,05.09.2025 21:56:55,None,None,2
car,05.09.2025 19:52:48,05.09.2025 21:57:19,None,None,2
female,05.09.2025 21:49:37,05.09.2025 21:57:22,Entrance 1,None,2
female,05.09.2025 21:49:04,05.09.2025 21:57:23,Entrance 1,Entrance 1,1
male,05.09.2025 21:54:26,05.09.2025 21:57:40,None,Entrance 2,1
male,05.09.2025 21:53:45,05.09.2025 21:57:42,Entrance 1,Entrance 2,1
female,05.09.2025 21:53:19,05.09.2025 21:58:39,None,Entrance 2,1
male,05.09.2025 21:48:53,05.09.2025 21:58:53,Entrance 2,Entrance 2,1
male,05.09.2025 21:55:19,05.09.2025 21:59:18,Entrance 1,Entrance 2,1
male,05.09.2025 21:54:27,05.09.2025 21:59:41,Entrance 2,Entrance 2,1
female,05.09.2025 21:53:04,05.09.2025 21:59:53,Entrance 2,None,1
male,05.09.2025 21:55:16,05.09.2025 22:00:02,Entrance 1,Entrance 2,1
male,05.09.2025 21:50:27,05.09.2025 22:00:27,Entrance 2,Entrance 2,1
male,05.09.2025 21:52:31,05.09.2025 22:02:31,Entrance 2,Entrance 1,1
male,05.09.2025 21:55:17,05.09.2025 22:02:39,Entrance 1,Entrance 1,2
female,05.09.2025 21:56:07,05.09.2025 22:02:40,Entrance 1,Entrance 1,2
female,05.09.2025 21:58:01,05.09.2025 22:03:02,Entrance 1,Entrance 2,1
car,05.09.2025 21:33:52,05.09.2025 22:03:22,None,None,2
male,05.09.2025 21:59:08,05.09.2025 22:03:50,Entrance 1,Entrance 1,2
car,05.09.2025 21:26:39,05.09.2025 22:03:51,None,None,1
male,05.09.2025 21:59:51,05.09.2025 22:04:06,Entrance 1,Entrance 1,1
car,05.09.2025 21:00:58,05.09.2025 22:04:11,None,None,1
female,05.09.2025 21:59:37,05.09.2025 22:04:19,Entrance 1,Entrance 2,1
car,05.09.2025 20:55:02,05.09.2025 22:05:28,None,None,2
male,05.09.2025 21:56:28,05.09.2025 22:06:28,Entrance 2,Entrance 2,1
female,05.09.2025 21:58:46,05.09.2025 22:06:53,Entrance 2,Entrance 1,1
male,05.09.2025 22:01:02,05.09.2025 22:07:24,Entrance 1,Entrance 1,2
male,05.09.2025 22:05:22,05.09.2025 22:08:22,Entrance 1,Entrance 1,2
male,05.09.2025 21:58:46,05.09.2025 22:08:46,Entrance 1,Entrance 1,2
car,05.09.2025 21:26:28,05.09.2025 22:09:41,None,None,2
car,05.09.2025 21:08:35,05.09.2025 22:11:03,None,None,1
male,05.09.2025 22:10:30,05.09.2025 22:13:30,Entrance 1,Entrance 1,2
car,05.09.2025 20:49:57,05.09.2025 22:14:12,None,None,1
car,05.09.2025 21:39:46,05.09.2025 22:14:51,None,None,1
male,05.09.2025 22:15:04,05.09.2025 22:18:04,Entrance 1,Entrance 1,2
male,05.09.2025 22:14:24,05.09.2025 22:19:48,Entrance 1,Entrance 1,2
male,05.09.2025 22:16:35,05.09.2025 22:21:37,Entrance 1,Entrance 1,2
car,05.09.2025 21:04:41,05.09.2025 22:22:32,None,None,2
female,05.09.2025 22:18:13,05.09.2025 22:24:13,Entrance 1,Entrance 1,2
male,05.09.2025 22:18:44,05.09.2025 22:24:36,Entrance 1,Entrance 1,2
car,05.09.2025 21:42:54,05.09.2025 22:25:34,None,None,2
female,05.09.2025 22:20:55,05.09.2025 22:26:16,Entrance 2,Entrance 2,1
male,05.09.2025 22:21:36,05.09.2025 22:26:21,Entrance 1,Entrance 1,2
female,05.09.2025 22:23:31,05.09.2025 22:26:31,None,Entrance 1,2
male,05.09.2025 22:19:11,05.09.2025 22:27:16,Entrance 2,Entrance 2,1
male,05.09.2025 22:21:18,05.09.2025 22:27:18,Entrance 2,Entrance 1,1
male,05.09.2025 22:23:20,05.09.2025 22:28:53,Entrance 1,Entrance 2,1
male,05.09.2025 22:20:47,05.09.2025 22:29:24,Entrance 1,Entrance 1,2
female,05.09.2025 22:24:48,05.09.2025 22:29:30,Entrance 1,Entrance 1,1
female,05.09.2025 22:21:57,05.09.2025 22:29:47,Entrance 2,Entrance 1,1
female,05.09.2025 22:25:54,05.09.2025 22:30:07,Entrance 1,Entrance 1,1
male,05.09.2025 22:22:50,05.09.2025 22:30:26,Entrance 1,Entrance 2,1
male,05.09.2025 22:24:13,05.09.2025 22:30:41,Entrance 1,Entrance 1,2
car,05.09.2025 21:08:21,05.09.2025 22:31:46,None,None,1
female,05.09.2025 22:27:57,05.09.2025 22:32:20,None,Entrance 1,1
car,05.09.2025 21:41:23,05.09.2025 22:34:55,None,None,1
female,05.09.2025 22:33:50,05.09.2025 22:37:11,Entrance 1,Entrance 1,2
female,05.09.2025 22:34:04,05.09.2025 22:37:33,None,Entrance 1,1
car,05.09.2025 21:08:16,05.09.2025 22:38:33,None,None,1
female,05.09.2025 22:30:21,05.09.2025 22:39:02,Entrance 2,Entrance 1,1
male,05.09.2025 22:34:24,05.09.2025 22:39:32,Entrance 1,Entrance 1,2
male,05.09.2025 22:37:15,05.09.2025 22:40:15,Entrance 1,Entrance 1,1
female,05.09.2025 22:34:04,05.09.2025 22:40:22,Entrance 1,Entrance 1,2
female,05.09.2025 22:32:03,05.09.2025 22:40:39,Entrance 2,Entrance 2,1
male,05.09.2025 22:30:41,05.09.2025 22:40:41,Entrance 2,Entrance 2,1
female,05.09.2025 22:34:18,05.09.2025 22:41:31,Entrance 1,Entrance 1,1
male,05.09.2025 22:39:07,05.09.2025 22:43:56,Entrance 1,Entrance 1,1
male,05.09.2025 22:40:48,05.09.2025 22:44:05,Entrance 1,Entrance 1,1
car,05.09.2025 22:10:51,05.09.2025 22:44:38,None,None,1
female,05.09.2025 22:41:10,05.09.2025 22:47:53,Entrance 1,Entrance 2,1
female,05.09.2025 22:43:11,05.09.2025 22:48:20,Entrance 1,Entrance 1,1
male,05.09.2025 22:40:35,05.09.2025 22:48:57,Entrance 2,Entrance 2,1
female,05.09.2025 22:47:06,05.09.2025 22:51:08,Entrance 1,Entrance 2,1
male,05.09.2025 22:43:10,05.09.2025 22:52:15,Entrance 1,Entrance 1,2
male,05.09.2025 22:48:26,05.09.2025 22:53:22,Entrance 1,Entrance 1,2
male,05.09.2025 22:47:03,05.09.2025 22:54:14,Entrance 1,Entrance 1,2
female,05.09.2025 22:47:17,05.09.2025 22:55:17,Entrance 1,Entrance 2,1
male,05.09.2025 22:51:10,05.09.2025 22:55:29,Entrance 1,Entrance 2,1
car,05.09.2025 19:12:18,05.09.2025 22:57:25,None,None,2
male,05.09.2025 22:55:46,05.09.2025 22:59:44,Entrance 1,Entrance 1,1
car,05.09.2025 20:28:57,05.09.2025 23:00:50,None,None,1
male,05.09.2025 22:56:37,05.09.2025 23:01:40,Entrance 1,Entrance 1,2
female,05.09.2025 22:55:18,05.09.2025 23:02:18,Entrance 2,Entrance 1,1
female,05.09.2025 22:57:51,05.09.2025 23:03:11,Entrance 1,Entrance 2,1
car,05.09.2025 20:57:32,05.09.2025 23:03:32,None,None,1
male,05.09.2025 22:55:36,05.09.2025 23:04:46,Entrance 1,Entrance 1,2
male,05.09.2025 23:04:04,05.09.2025 23:08:33,Entrance 1,None,2
female,05.09.2025 23:01:51,05.09.2025 23:08:36,Entrance 1,Entrance 1,2
car,05.09.2025 22:31:50,05.09.2025 23:12:43,None,None,2
car,05.09.2025 22:42:38,05.09.2025 23:12:57,None,None,2
female,05.09.2025 23:08:24,05.09.2025 23:15:15,Entrance 1,None,2
car,05.09.2025 21:13:35,05.09.2025 23:16:09,None,None,1
car,05.09.2025 21:01:40,05.09.2025 23:23:21,None,None,2
car,05.09.2025 22:03:37,05.09.2025 23:24:29,None,None,2
female,05.09.2025 23:18:00,05.09.2025 23:28:00,Entrance 1,Entrance 1,2
car,05.09.2025 21:00:33,05.09.2025 23:28:33,None,None,1
car,05.09.2025 22:01:44,05.09.2025 23:28:55,None,None,2
car,05.09.2025 22:58:07,05.09.2025 23:29:03,None,None,1
female,05.09.2025 23:26:06,05.09.2025 23:29:06,Entrance 1,Entrance 2,1
male,05.09.2025 23:26:35,05.09.2025 23:29:50,Entrance 1,None,1
male,05.09.2025 23:26:06,05.09.2025 23:29:54,Entrance 1,Entrance 2,1
male,05.09.2025 23:26:47,05.09.2025 23:31:08,Entrance 1,Entrance 1,1
male,05.09.2025 23:28:06,05.09.2025 23:32:41,Entrance 1,Entrance 2,1
female,05.09.2025 23:24:35,05.09.2025 23:34:26,Entrance 1,Entrance 1,2
car,05.09.2025 21:53:03,05.09.2025 23:36:24,None,None,1
car,05.09.2025 22:52:28,05.09.2025 23:37:15,None,None,1
car,05.09.2025 22:12:05,05.09.2025 23:39:39,None,None,2
car,05.09.2025 22:48:41,05.09.2025 23:40:01,None,None,1
male,05.09.2025 23:36:41,05.09.2025 23:40:13,None,Entrance 1,2
car,05.09.2025 21:38:10,05.09.2025 23:40:27,None,None,2
car,05.09.2025 22:50:17,05.09.2025 23:40:53,None,None,2
male,05.09.2025 23:37:09,05.09.2025 23:41:24,Entrance 1,Entrance 1,2
female,05.09.2025 23:40:28,05.09.2025 23:46:15,Entrance 2,Entrance 2,1
female,05.09.2025 23:38:47,05.09.2025 23:46:33,Entrance 1,Entrance 1,2
car,05.09.2025 21:43:40,05.09.2025 23:50:00,None,None,2
female,05.09.2025 23:46:29,05.09.2025 23:50:20,Entrance 2,Entrance 1,1
car,05.09.2025 22:22:53,05.09.2025 23:52:17,None,None,2
male,05.09.2025 23:47:14,05.09.2025 23:53:50,Entrance 2,Entrance 2,1
female,05.09.2025 23:51:17,05.09.2025 23:55:38,Entrance 1,Entrance 1,1
car,05.09.2025 22:38:50,05.09.2025 23:56:13,None,None,2
car,05.09.2025 22:31:20,05.09.2025 23:56:42,None,None,1
female,05.09.2025 23:49:05,05.09.2025 23:57:25,Entrance 2,Entrance 1,1
female,05.09.2025 23:47:46,05.09.2025 23:57:46,Entrance 2,Entrance 2,1
male,05.09.2025 23:49:33,05.09.2025 23:58:12,Entrance 2,Entrance 1,1
male,05.09.2025 23:52:53,05.09.2025 23:58:53,Entrance 1,Entrance 2,1
male,05.09.2025 23:55:06,05.09.2025 23:59:03,Entrance 1,Entrance 2,1
female,05.09.2025 23:52:46,06.09.2025 00:00:26,Entrance 2,Entrance 2,1
car,05.09.2025 23:23:33,06.09.2025 00:00:27,None,None,2
female,05.09.2025 23:58:34,06.09.2025 00:02:36,Entrance 1,Entrance 1,2
female,05.09.2025 23:59:56,06.09.2025 00:04:34,Entrance 1,Entrance 1,1
car,05.09.2025 22:40:52,06.09.2025 00:09:52,None,None,2
car,05.09.2025 22:56:18,06.09.2025 00:11:51,None,None,2
car,05.09.2025 23:14:17,06.09.2025 00:12:32,None,None,2
car,05.09.2025 23:12:22,06.09.2025 00:16:28,None,None,2
car,05.09.2025 21:48:39,06.09.2025 00:17:16,None,None,1
male,06.09.2025 00:19:18,06.09.2025 00:22:18,Entrance 1,Entrance 1,1
car,05.09.2025 21:32:03,06.09.2025 00:22:19,None,None,2
car,05.09.2025 23:14:22,06.09.2025 00:30:19,None,None,2
car,05.09.2025 23:01:19,06.09.2025 00:46:46,None,None,2
car,05.09.2025 23:53:59,06.09.2025 00:47:37,None,None,2
car,05.09.2025 23:51:26,06.09.2025 00:47:44,None,None,1
car,05.09.2025 21:42:57,06.09.2025 00:54:58,None,None,1
car,05.09.2025 23:53:38,06.09.2025 00:56:37,None,None,2
car,05.09.2025 23:59:51,06.09.2025 00:56:54,None,None,1
car,05.09.2025 21:59:35,06.09.2025 00:57:10,None,None,1
car,05.09.2025 22:32:46,06.09.2025 01:17:58,None,None,1
female,06.09.2025 01:08:26,06.09.2025 01:18:26,Entrance 1,Entrance 1,2
car,05.09.2025 21:09:39,06.09.2025 01:21:50,None,None,1
car,05.09.2025 22:05:47,06.09.2025 01:29:05,None,None,1
car,05.09.2025 22:54:04,06.09.2025 01:31:52,None,None,2
car,05.09.2025 20:40:50,06.09.2025 01:40:50,None,None,1
car,06.09.2025 01:17:37,06.09.2025 01:55:05,None,None,2
car,05.09.2025 22:19:32,06.09.2025 01:55:30,None,None,1
female,06.09.2025 02:34:14,06.09.2025 02:39:15,Entrance 1,Entrance 1,2
car,05.09.2025 23:59:14,06.09.2025 04:09:58,None,None,1
car,06.09.2025 02:45:50,06.09.2025 04:44:28,None,None,1
car,06.09.2025 04:09:37,06.09.2025 05:21:06,None,None,2
car,06.09.2025 04:04:19,06.09.2025 05:43:20,None,None,1
female,06.09.2025 07:00:08,06.09.2025 07:04:13,Entrance 1,Entrance 1,1
female,06.09.2025 07:01:47,06.09.2025 07:08:34,Entrance 1,Entrance 1,1
male,06.09.2025 07:05:45,06.09.2025 07:11:18,Entrance 2,Entrance 2,1
male,06.09.2025 07:08:42,06.09.2025 07:12:29,Entrance 1,Entrance 2,1
male,06.09.2025 07:09:21,06.09.2025 07:13:00,Entrance 1,Entrance 1,2
female,06.09.2025 07:11:38,06.09.2025 07:14:52,Entrance 1,Entrance 2,1
female,06.09.2025 07:11:40,06.09.2025 07:16:43,Entrance 1,Entrance 1,2
male,06.09.2025 07:13:45,06.09.2025 07:18:38,Entrance 1,Entrance 2,1
male,06.09.2025 07:11:43,06.09.2025 07:20:18,Entrance 2,Entrance 1,1
male,06.09.2025 07:17:16,06.09.2025 07:21:05,Entrance 1,Entrance 1,2
female,06.09.2025 07:18:39,06.09.2025 07:22:49,Entrance 1,Entrance 2,1
male,06.09.2025 07:18:38,06.09.2025 07:23:33,Entrance 1,None,2
female,06.09.2025 07:18:17,06.09.2025 07:25:16,Entrance 1,None,2
female,06.09.2025 07:39:29,06.09.2025 07:42:29,None,Entrance 1,2
male,06.09.2025 07:37:56,06.09.2025 07:42:45,Entrance 1,None,2
male,06.09.2025 07:41:23,06.09.2025 07:44:23,None,Entrance 1,2
car,06.09.2025 07:16:38,06.09.2025 07:44:28,None,None,1
male,06.09.2025 07:39:14,06.09.2025 07:44:51,Entrance 1,None,2
male,06.09.2025 07:38:44,06.09.2025 07:45:41,Entrance 2,Entrance 2,1
male,06.09.2025 07:36:11,06.09.2025 07:45:57,Entrance 1,Entrance 1,2
car,06.09.2025 07:04:33,06.09.2025 07:46:44,None,None,1
female,06.09.2025 07:38:00,06.09.2025 07:48:00,Entrance 1,Entrance 1,2
female,06.09.2025 07:52:46,06.09.2025 08:00:39,Entrance 1,Entrance 1,2
female,06.09.2025 07:54:37,06.09.2025 08:01:32,Entrance 1,Entrance 1,2
male,06.09.2025 07:54:04,06.09.2025 08:04:04,Entrance 1,Entrance 1,2
male,06.09.2025 08:01:16,06.09.2025 08:05:23,Entrance 1,Entrance 2,1
male,06.09.2025 08:02:47,06.09.2025 08:06:07,Entrance 1,Entrance 2,1
female,06.09.2025 08:01:12,06.09.2025 08:06:39,Entrance 1,Entrance 2,1
male,06.09.2025 08:02:05,06.09.2025 08:06:45,Entrance 2,Entrance 2,1
male,06.09.2025 08:04:09,06.09.2025 08:07:46,Entrance 1,Entrance 1,1
female,06.09.2025 08:04:49,06.09.2025 08:07:49,None,None,1
male,06.09.2025 08:01:14,06.09.2025 08:08:01,Entrance 1,Entrance 1,2
male,06.09.2025 08:05:27,06.09.2025 08:08:27,None,None,2
male,06.09.2025 08:06:06,06.09.2025 08:10:00,Entrance 1,Entrance 1,1
female,06.09.2025 08:01:14,06.09.2025 08:10:07,Entrance 2,Entrance 2,1
female,06.09.2025 08:00:08,06.09.2025 08:10:08,Entrance 2,Entrance 2,1
male,06.09.2025 08:02:48,06.09.2025 08:10:21,Entrance 1,Entrance 1,1
car,06.09.2025 07:33:42,06.09.2025 08:10:28,None,None,2
male,06.09.2025 08:02:57,06.09.2025 08:10:46,Entrance 2,Entrance 1,1
female,06.09.2025 08:04:19,06.09.2025 08:11:00,Entrance 1,Entrance 1,2
female,06.09.2025 08:08:06,06.09.2025 08:11:29,Entrance 1,Entrance 1,2
male,06.09.2025 08:07:51,06.09.2025 08:11:37,Entrance 1,Entrance 1,2
male,06.09.2025 08:08:53,06.09.2025 08:12:06,None,None,2
male,06.09.2025 08:06:26,06.09.2025 08:12:07,Entrance 1,Entrance 2,1
male,06.09.2025 08:08:54,06.09.2025 08:12:44,None,Entrance 1,2
female,06.09.2025 08:05:46,06.09.2025 08:13:20,Entrance 1,Entrance 1,2
male,06.09.2025 08:10:47,06.09.2025 08:14:01,Entrance 1,Entrance 1,2
female,06.09.2025 08:11:17,06.09.2025 08:16:43,Entrance 1,Entrance 1,1
male,06.09.2025 08:13:38,06.09.2025 08:17:10,Entrance 1,Entrance 2,1
male,06.09.2025 08:10:29,06.09.2025 08:17:51,Entrance 1,Entrance 1,1
female,06.09.2025 08:08:36,06.09.2025 08:18:15,Entrance 1,Entrance 1,1
female,06.09.2025 08:14:12,06.09.2025 08:18:17,None,Entrance 2,1
male,06.09.2025 08:08:25,06.09.2025 08:18:25,Entrance 2,Entrance 2,1
male,06.09.2025 08:08:50,06.09.2025 08:18:50,Entrance 2,Entrance 1,1
male,06.09.2025 08:14:59,06.09.2025 08:19:41,None,Entrance 1,2
male,06.09.2025 08:17:48,06.09.2025 08:20:48,None,Entrance 1,1
female,06.09.2025 08:11:42,06.09.2025 08:20:59,Entrance 1,Entrance 1,2
female,06.09.2025 08:12:52,06.09.2025 08:21:26,Entrance 1,Entrance 1,2
male,06.09.2025 08:16:48,06.09.2025 08:21:30,Entrance 1,Entrance 2,1
male,06.09.2025 08:15:54,06.09.2025 08:21:42,Entrance 1,None,2
female,06.09.2025 08:19:15,06.09.2025 08:22:15,Entrance 1,Entrance 2,1
male,06.09.2025 08:16:14,06.09.2025 08:22:27,Entrance 1,None,2
male,06.09.2025 08:19:46,06.09.2025 08:22:46,Entrance 1,Entrance 1,1
male,06.09.2025 08:17:29,06.09.2025 08:23:12,Entrance 2,Entrance 2,1
male,06.09.2025 08:20:34,06.09.2025 08:24:44,Entrance 1,Entrance 2,1
female,06.09.2025 08:16:45,06.09.2025 08:24:52,Entrance 1,Entrance 1,2
male,06.09.2025 08:19:54,06.09.2025 08:25:11,Entrance 1,Entrance 1,1
male,06.09.2025 08:15:55,06.09.2025 08:25:55,Entrance 2,Entrance 1,1
car,06.09.2025 07:38:21,06.09.2025 08:26:57,None,None,1
female,06.09.2025 08:17:50,06.09.2025 08:27:50,Entrance 2,Entrance 2,1
female,06.09.2025 08:20:33,06.09.2025 08:28:33,Entrance 1,Entrance 2,1
car,06.09.2025 07:46:30,06.09.2025 08:29:51,None,None,1
male,06.09.2025 08:26:29,06.09.2025 08:29:51,Entrance 2,Entrance 1,1
female,06.09.2025 08:24:21,06.09.2025 08:30:28,Entrance 2,Entrance 1,1
female,06.09.2025 08:28:40,06.09.2025 08:33:05,Entrance 2,Entrance 1,1
female,06.09.2025 08:25:43,06.09.2025 08:33:37,Entrance 1,Entrance 1,1
male,06.09.2025 08:29:40,06.09.2025 08:34:24,None,Entrance 1,1
male,06.09.2025 08:27:32,06.09.2025 08:35:27,Entrance 1,None,2
male,06.09.2025 08:34:32,06.09.2025 08:37:51,Entrance 1,Entrance 1,2
male,06.09.2025 08:29:55,06.09.2025 08:38:04,Entrance 2,Entrance 1,1
female,06.09.2025 08:30:44,06.09.2025 08:38:08,Entrance 1,Entrance 1,2
male,06.09.2025 08:34:16,06.09.2025 08:38:15,Entrance 1,Entrance 2,1
male,06.09.2025 08:35:33,06.09.2025 08:38:33,None,Entrance 1,1
male,06.09.2025 08:37:54,06.09.2025 08:41:31,Entrance 1,Entrance 2,1
female,06.09.2025 08:38:53,06.09.2025 08:41:53,Entrance 1,Entrance 1,1
male,06.09.2025 08:39:25,06.09.2025 08:42:25,None,Entrance 1,2
male,06.09.2025 08:40:06,06.09.2025 08:44:44,Entrance 1,Entrance 1,2
male,06.09.2025 08:40:47,06.09.2025 08:45:32,Entrance 2,Entrance 2,1
male,06.09.2025 08:35:44,06.09.2025 08:45:44,Entrance 2,Entrance 1,1
female,06.09.2025 08:35:59,06.09.2025 08:45:59,Entrance 2,Entrance 2,1
male,06.09.2025 08:41:31,06.09.2025 08:46:33,Entrance 1,Entrance 1,1
female,06.09.2025 08:37:20,06.09.2025 08:47:20,Entrance 2,Entrance 2,1
male,06.09.2025 08:50:19,06.09.2025 08:54:11,Entrance 1,Entrance 1,2
car,06.09.2025 07:17:33,06.09.2025 08:54:40,None,None,1
male,06.09.2025 08:47:44,06.09.2025 08:55:30,Entrance 1,Entrance 1,2
car,06.09.2025 08:00:19,06.09.2025 08:56:25,None,None,1
female,06.09.2025 08:50:42,06.09.2025 08:57:45,Entrance 1,Entrance 1,2
female,06.09.2025 08:47:47,06.09.2025 08:57:47,Entrance 1,Entrance 1,2
car,06.09.2025 07:30:07,06.09.2025 08:58:15,None,None,2
female,06.09.2025 08:54:50,06.09.2025 08:58:57,Entrance 1,Entrance 1,2
female,06.09.2025 08:54:54,06.09.2025 08:59:49,Entrance 1,Entrance 1,2
female,06.09.2025 08:55:28,06.09.2025 09:00:28,Entrance 1,Entrance 1,2
male,06.09.2025 09:00:48,06.09.2025 09:03:48,None,Entrance 1,2
male,06.09.2025 09:00:45,06.09.2025 09:04:43,Entrance 1,Entrance 1,1
male,06.09.2025 08:59:56,06.09.2025 09:04:55,Entrance 1,Entrance 1,2
male,06.09.2025 09:00:51,06.09.2025 09:05:34,Entrance 1,Entrance 1,2
male,06.09.2025 09:00:54,06.09.2025 09:05:45,Entrance 1,Entrance 1,2
male,06.09.2025 09:03:10,06.09.2025 09:06:10,None,Entrance 1,2
male,06.09.2025 09:03:21,06.09.2025 09:06:24,Entrance 1,Entrance 1,1
male,06.09.2025 09:00:50,06.09.2025 09:06:25,Entrance 2,Entrance 2,1
male,06.09.2025 09:01:45,06.09.2025 09:06:25,Entrance 1,None,1
male,06.09.2025 09:01:50,06.09.2025 09:06:30,Entrance 1,Entrance 2,1
female,06.09.2025 09:03:48,06.09.2025 09:06:48,None,Entrance 1,1
male,06.09.2025 09:01:26,06.09.2025 09:06:49,Entrance 1,Entrance 1,2
female,06.09.2025 09:00:07,06.09.2025 09:07:06,Entrance 1,Entrance 1,2
car,06.09.2025 07:24:32,06.09.2025 09:07:31,None,None,1
male,06.09.2025 09:01:32,06.09.2025 09:07:36,Entrance 1,Entrance 1,1
male,06.09.2025 09:02:34,06.09.2025 09:08:13,Entrance 1,Entrance 1,2
female,06.09.2025 09:03:20,06.09.2025 09:08:28,Entrance 1,None,1
female,06.09.2025 09:00:25,06.09.2025 09:08:31,Entrance 1,Entrance 1,1
male,06.09.2025 09:03:13,06.09.2025 09:09:33,Entrance 2,Entrance 1,1
female,06.09.2025 09:00:39,06.09.2025 09:09:50,Entrance 2,Entrance 1,1
female,06.09.2025 09:01:48,06.09.2025 09:09:52,Entrance 1,None,2
female,06.09.2025 09:05:37,06.09.2025 09:10:33,Entrance 2,Entrance 2,1
male,06.09.2025 09:05:32,06.09.2025 09:10:34,None,Entrance 2,1
female,06.09.2025 09:06:10,06.09.2025 09:10:48,Entrance 1,Entrance 1,1
female,06.09.2025 09:05:51,06.09.2025 09:11:19,Entrance 1,Entrance 2,1
female,06.09.2025 09:04:27,06.09.2025 09:11:58,Entrance 1,Entrance 1,2
male,06.09.2025 09:02:08,06.09.2025 09:12:04,Entrance 1,Entrance 1,2
male,06.09.2025 09:08:47,06.09.2025 09:12:25,Entrance 1,Entrance 1,1
female,06.09.2025 09:07:52,06.09.2025 09:12:52,Entrance 1,Entrance 1,2
female,06.09.2025 09:08:04,06.09.2025 09:13:45,Entrance 1,Entrance 1,2
male,06.09.2025 09:06:36,06.09.2025 09:13:51,Entrance 2,Entrance 2,1
male,06.09.2025 09:05:46,06.09.2025 09:13:54,Entrance 1,Entrance 1,2
male,06.09.2025 09:10:41,06.09.2025 09:14:07,Entrance 1,None,2
female,06.09.2025 09:10:49,06.09.2025 09:14:23,Entrance 1,Entrance 1,2
female,06.09.2025 09:06:41,06.09.2025 09:14:28,Entrance 2,Entrance 1,1
male,06.09.2025 09:11:28,06.09.2025 09:14:28,Entrance 1,Entrance 2,1
female,06.09.2025 09:06:17,06.09.2025 09:14:50,Entrance 2,Entrance 2,1
female,06.09.2025 09:11:07,06.09.2025 09:14:54,Entrance 1,Entrance 1,1
male,06.09.2025 09:07:52,06.09.2025 09:14:57,Entrance 1,Entrance 1,2
male,06.09.2025 09:09:27,06.09.2025 09:15:16,Entrance 1,Entrance 2,1
female,06.09.2025 09:11:38,06.09.2025 09:15:21,None,Entrance 2,1
male,06.09.2025 09:11:44,06.09.2025 09:15:34,Entrance 1,Entrance 1,1
male,06.09.2025 09:07:30,06.09.2025 09:15:51,Entrance 2,Entrance 2,1
female,06.09.2025 09:10:18,06.09.2025 09:16:34,Entrance 2,Entrance 1,1
male,06.09.2025 09:08:14,06.09.2025 09:16:38,Entrance 2,Entrance 1,1
male,06.09.2025 09:10:40,06.09.2025 09:16:55,Entrance 1,None,2
female,06.09.2025 09:09:20,06.09.2025 09:17:38,Entrance 1,Entrance 2,1
male,06.09.2025 09:12:18,06.09.2025 09:17:41,Entrance 1,Entrance 1,2
female,06.09.2025 09:12:53,06.09.2025 09:17:54,Entrance 1,Entrance 1,1
female,06.09.2025 09:12:01,06.09.2025 09:18:14,Entrance 1,Entrance 1,1
car,06.09.2025 08:39:39,06.09.2025 09:18:41,None,None,1
female,06.09.2025 09:10:38,06.09.2025 09:19:19,Entrance 2,Entrance 1,1
male,06.09.2025 09:12:37,06.09.2025 09:20:26,Entrance 1,Entrance 1,2
male,06.09.2025 09:16:57,06.09.2025 09:20:46,Entrance 1,Entrance 1,2
male,06.09.2025 09:10:50,06.09.2025 09:20:50,Entrance 1,Entrance 1,2
female,06.09.2025 09:12:55,06.09.2025 09:21:08,Entrance 1,Entrance 1,2
female,06.09.2025 09:11:13,06.09.2025 09:21:13,Entrance 1,Entrance 1,2
female,06.09.2025 09:18:29,06.09.2025 09:21:29,Entrance 1,Entrance 2,1
male,06.09.2025 09:17:07,06.09.2025 09:21:31,Entrance 1,Entrance 1,2
male,06.09.2025 09:17:04,06.09.2025 09:21:57,Entrance 1,Entrance 2,1
female,06.09.2025 09:17:22,06.09.2025 09:22:18,Entrance 1,None,2
car,06.09.2025 08:26:29,06.09.2025 09:23:15,None,None,2
male,06.09.2025 09:13:19,06.09.2025 09:23:19,Entrance 2,Entrance 1,1
male,06.09.2025 09:20:02,06.09.2025 09:24:25,Entrance 1,Entrance 1,1
female,06.09.2025 09:15:04,06.09.2025 09:24:38,Entrance 1,Entrance 1,2
female,06.09.2025 09:21:12,06.09.2025 09:24:46,Entrance 1,Entrance 1,2
male,06.09.2025 09:16:03,06.09.2025 09:25:17,Entrance 1,Entrance 2,1
male,06.09.2025 09:18:16,06.09.2025 09:25:29,Entrance 1,Entrance 1,2
male,06.09.2025 09:20:23,06.09.2025 09:25:40,Entrance 1,Entrance 1,2
male,06.09.2025 09:19:35,06.09.2025 09:25:42,Entrance 1,Entrance 2,1
male,06.09.2025 09:21:55,06.09.2025 09:25:53,Entrance 1,Entrance 2,1
male,06.09.2025 09:20:22,06.09.2025 09:26:36,Entrance 1,Entrance 1,1
male,06.09.2025 09:16:40,06.09.2025 09:26:40,Entrance 1,Entrance 1,1
male,06.09.2025 09:20:33,06.09.2025 09:26:50,Entrance 1,Entrance 1,2
car,06.09.2025 07:06:13,06.09.2025 09:26:54,None,None,1
female,06.09.2025 09:22:33,06.09.2025 09:27:18,Entrance 1,Entrance 2,1
male,06.09.2025 09:21:13,06.09.2025 09:27:21,Entrance 1,Entrance 1,2
female,06.09.2025 09:19:55,06.09.2025 09:27:27,Entrance 1,Entrance 1,2
male,06.09.2025 09:19:22,06.09.2025 09:27:48,Entrance 1,None,1
car,06.09.2025 08:13:23,06.09.2025 09:28:06,None,None,1
male,06.09.2025 09:21:36,06.09.2025 09:28:33,Entrance 1,Entrance 2,1
female,06.09.2025 09:25:35,06.09.2025 09:29:16,Entrance 1,None,2
female,06.09.2025 09:20:08,06.09.2025 09:29:18,Entrance 1,Entrance 2,1
female,06.09.2025 09:22:23,06.09.2025 09:30:09,Entrance 1,Entrance 1,2
female,06.09.2025 09:22:11,06.09.2025 09:30:25,Entrance 1,Entrance 1,2
male,06.09.2025 09:26:28,06.09.2025 09:31:02,Entrance 1,Entrance 1,2
male,06.09.2025 09:26:04,06.09.2025 09:31:31,Entrance 1,None,1
female,06.09.2025 09:23:01,06.09.2025 09:31:34,Entrance 2,Entrance 1,1
male,06.09.2025 09:28:24,06.09.2025 09:32:10,Entrance 1,Entrance 2,1
male,06.09.2025 09:24:35,06.09.2025 09:32:25,Entrance 1,Entrance 2,1
male,06.09.2025 09:27:16,06.09.2025 09:32:26,Entrance 1,None,2
male,06.09.2025 09:24:38,06.09.2025 09:33:31,Entrance 1,Entrance 2,1
male,06.09.2025 09:30:28,06.09.2025 09:35:03,Entrance 1,Entrance 1,2
male,06.09.2025 09:30:08,06.09.2025 09:36:52,Entrance 1,Entrance 1,2
female,06.09.2025 09:32:05,06.09.2025 09:36:55,Entrance 1,Entrance 1,2
male,06.09.2025 09:32:39,06.09.2025 09:37:12,Entrance 1,Entrance 1,1
male,06.09.2025 09:33:18,06.09.2025 09:37:38,Entrance 1,None,2
female,06.09.2025 09:27:47,06.09.2025 09:37:47,Entrance 2,Entrance 1,1
female,06.09.2025 09:32:37,06.09.2025 09:37:53,Entrance 2,Entrance 2,1
female,06.09.2025 09:35:05,06.09.2025 09:38:05,Entrance 1,Entrance 1,2
male,06.09.2025 09:31:28,06.09.2025 09:38:07,Entrance 2,Entrance 1,1
male,06.09.2025 09:28:08,06.09.2025 09:38:08,Entrance 2,Entrance 2,1
female,06.09.2025 09:34:58,06.09.2025 09:38:18,Entrance 1,Entrance 2,1
male,06.09.2025 09:32:14,06.09.2025 09:38:35,Entrance 2,Entrance 2,1
male,06.09.2025 09:36:06,06.09.2025 09:40:10,Entrance 1,Entrance 2,1
female,06.09.2025 09:37:53,06.09.2025 09:40:53,Entrance 1,Entrance 1,1
male,06.09.2025 09:36:47,06.09.2025 09:40:59,None,Entrance 1,1
car,06.09.2025 08:48:17,06.09.2025 09:41:09,None,None,2
male,06.09.2025 09:31:20,06.09.2025 09:41:20,Entrance 2,Entrance 1,1
female,06.09.2025 09:33:01,06.09.2025 09:41:21,Entrance 1,Entrance 1,2
male,06.09.2025 09:31:47,06.09.2025 09:41:24,Entrance 2,Entrance 1,1
male,06.09.2025 09:35:19,06.09.2025 09:42:06,Entrance 1,Entrance 2,1
male,06.09.2025 09:34:23,06.09.2025 09:42:28,Entrance 2,Entrance 1,1
female,06.09.2025 09:38:51,06.09.2025 09:42:31,Entrance 1,Entrance 1,2
male,06.09.2025 09:39:50,06.09.2025 09:42:50,Entrance 1,Entrance 1,2
male,06.09.2025 09:40:02,06.09.2025 09:43:30,Entrance 1,Entrance 1,1
male,06.09.2025 09:34:59,06.09.2025 09:43:36,Entrance 2,Entrance 1,1
male,06.09.2025 09:33:43,06.09.2025 09:43:43,Entrance 2,Entrance 1,1
male,06.09.2025 09:34:15,06.09.2025 09:44:15,Entrance 1,Entrance 2,1
female,06.09.2025 09:35:08,06.09.2025 09:45:08,Entrance 2,Entrance 1,1
female,06.09.2025 09:39:22,06.09.2025 09:46:05,Entrance 1,Entrance 1,2
male,06.09.2025 09:37:51,06.09.2025 09:46:15,Entrance 1,Entrance 2,1
female,06.09.2025 09:40:13,06.09.2025 09:46:25,Entrance 1,Entrance 1,2
car,06.09.2025 08:50:02,06.09.2025 09:46:43,None,None,1
male,06.09.2025 09:42:18,06.09.2025 09:46:56,Entrance 1,Entrance 1,2
car,06.09.2025 07:35:15,06.09.2025 09:47:19,None,None,1
male,06.09.2025 09:38:38,06.09.2025 09:47:24,Entrance 1,Entrance 1,2
male,06.09.2025 09:41:17,06.09.2025 09:47:30,Entrance 1,Entrance 1,2
car,06.09.2025 08:34:22,06.09.2025 09:48:28,None,None,2
male,06.09.2025 09:42:38,06.09.2025 09:48:58,Entrance 1,Entrance 1,2
male,06.09.2025 09:44:21,06.09.2025 09:50:28,Entrance 1,Entrance 1,2
male,06.09.2025 09:40:54,06.09.2025 09:50:54,Entrance 2,Entrance 2,1
male,06.09.2025 09:49:06,06.09.2025 09:52:06,None,Entrance 1,2
male,06.09.2025 09:45:59,06.09.2025 09:52:40,Entrance 1,Entrance 1,2
male,06.09.2025 09:50:36,06.09.2025 09:54:22,Entrance 1,Entrance 1,2
male,06.09.2025 09:49:57,06.09.2025 09:54:28,Entrance 1,Entrance 1,2
female,06.09.2025 09:51:35,06.09.2025 09:55:59,Entrance 1,None,2
male,06.09.2025 09:48:39,06.09.2025 09:58:20,Entrance 1,Entrance 1,2
female,06.09.2025 09:54:50,06.09.2025 09:59:48,Entrance 1,Entrance 1,2
male,06.09.2025 09:51:20,06.09.2025 10:00:04,Entrance 1,Entrance 1,2
female,06.09.2025 09:58:55,06.09.2025 10:01:55,Entrance 1,Entrance 1,2
male,06.09.2025 09:59:21,06.09.2025 10:02:23,Entrance 1,Entrance 1,2
female,06.09.2025 10:00:30,06.09.2025 10:03:30,None,Entrance 1,2
female,06.09.2025 09:59:14,06.09.2025 10:03:42,Entrance 1,Entrance 1,2
male,06.09.2025 10:00:49,06.09.2025 10:03:49,Entrance 1,Entrance 1,1
male,06.09.2025 10:00:24,06.09.2025 10:04:08,Entrance 1,Entrance 2,1
female,06.09.2025 10:00:01,06.09.2025 10:04:11,Entrance 1,Entrance 2,1
male,06.09.2025 10:00:59,06.09.2025 10:04:15,Entrance 1,Entrance 1,1
female,06.09.2025 10:01:30,06.09.2025 10:04:30,Entrance 1,Entrance 2,1
female,06.09.2025 10:01:22,06.09.2025 10:04:39,Entrance 2,Entrance 1,1
female,06.09.2025 09:59:51,06.09.2025 10:04:45,Entrance 1,Entrance 1,2
male,06.09.2025 10:00:03,06.09.2025 10:05:28,Entrance 1,Entrance 1,1
male,06.09.2025 10:02:07,06.09.2025 10:06:10,Entrance 2,Entrance 1,1
male,06.09.2025 10:00:05,06.09.2025 10:06:38,Entrance 1,Entrance 1,1
male,06.09.2025 10:02:25,06.09.2025 10:06:40,Entrance 1,Entrance 1,1
male,06.09.2025 10:01:47,06.09.2025 10:06:58,Entrance 1,Entrance 2,1
male,06.09.2025 10:02:40,06.09.2025 10:07:06,Entrance 2,Entrance 1,1
male,06.09.2025 10:01:04,06.09.2025 10:07:17,Entrance 1,Entrance 2,1
female,06.09.2025 10:00:14,06.09.2025 10:07:31,Entrance 2,Entrance 2,1
female,06.09.2025 10:01:40,06.09.2025 10:07:35,Entrance 2,Entrance 2,1
male,06.09.2025 10:05:17,06.09.2025 10:08:17,Entrance 1,Entrance 2,1
male,06.09.2025 10:03:23,06.09.2025 10:08:34,Entrance 1,None,1
male,06.09.2025 10:02:08,06.09.2025 10:08:55,Entrance 2,Entrance 1,1
female,06.09.2025 10:01:55,06.09.2025 10:09:16,Entrance 2,Entrance 1,1
female,06.09.2025 10:00:09,06.09.2025 10:10:09,Entrance 2,Entrance 2,1
female,06.09.2025 10:00:52,06.09.2025 10:10:21,Entrance 1,None,2
male,06.09.2025 10:02:08,06.09.2025 10:10:53,Entrance 1,Entrance 2,1
male,06.09.2025 10:07:48,06.09.2025 10:10:55,Entrance 1,Entrance 2,1
male,06.09.2025 10:06:03,06.09.2025 10:11:28,Entrance 2,Entrance 2,1
female,06.09.2025 10:06:29,06.09.2025 10:11:36,Entrance 1,Entrance 1,1
female,06.09.2025 10:08:36,06.09.2025 10:11:36,Entrance 1,Entrance 2,1
female,06.09.2025 10:03:30,06.09.2025 10:11:38,Entrance 2,Entrance 1,1
male,06.09.2025 10:08:50,06.09.2025 10:11:50,None,Entrance 1,2
female,06.09.2025 10:06:55,06.09.2025 10:12:22,Entrance 2,Entrance 2,1
male,06.09.2025 10:06:51,06.09.2025 10:12:30,Entrance 1,Entrance 1,2
car,06.09.2025 09:03:46,06.09.2025 10:12:44,None,None,1
female,06.09.2025 10:04:27,06.09.2025 10:12:56,Entrance 2,Entrance 1,1
male,06.09.2025 10:07:55,06.09.2025 10:13:03,Entrance 1,Entrance 1,2
male,06.09.2025 10:06:44,06.09.2025 10:13:43,Entrance 2,Entrance 2,1
male,06.09.2025 10:10:43,06.09.2025 10:13:43,None,Entrance 1,1
female,06.09.2025 10:04:49,06.09.2025 10:14:49,Entrance 2,Entrance 2,1
female,06.09.2025 10:06:40,06.09.2025 10:15:09,Entrance 2,Entrance 1,1
male,06.09.2025 10:08:50,06.09.2025 10:15:10,Entrance 1,Entrance 1,2
male,06.09.2025 10:08:34,06.09.2025 10:15:15,Entrance 1,Entrance 1,1
male,06.09.2025 10:10:55,06.09.2025 10:15:22,Entrance 1,Entrance 1,1
female,06.09.2025 10:10:08,06.09.2025 10:15:41,Entrance 1,Entrance 1,2
male,06.09.2025 10:11:12,06.09.2025 10:16:00,Entrance 2,Entrance 2,1
female,06.09.2025 10:12:03,06.09.2025 10:16:17,Entrance 1,Entrance 2,1
male,06.09.2025 10:07:06,06.09.2025 10:16:19,Entrance 2,None,1
female,06.09.2025 10:07:00,06.09.2025 10:16:24,Entrance 2,Entrance 2,1
male,06.09.2025 10:11:22,06.09.2025 10:16:49,Entrance 1,Entrance 1,2
car,06.09.2025 08:54:11,06.09.2025 10:16:57,None,None,1
male,06.09.2025 10:10:15,06.09.2025 10:17:52,Entrance 1,Entrance 1,1
female,06.09.2025 10:12:43,06.09.2025 10:18:01,Entrance 2,Entrance 2,1
male,06.09.2025 10:14:48,06.09.2025 10:18:15,Entrance 1,Entrance 1,2
female,06.09.2025 10:15:00,06.09.2025 10:18:18,Entrance 1,Entrance 1,1
female,06.09.2025 10:12:18,06.09.2025 10:18:25,Entrance 1,Entrance 1,2
male,06.09.2025 10:13:28,06.09.2025 10:19:02,Entrance 1,Entrance 2,1
female,06.09.2025 10:14:12,06.09.2025 10:19:06,Entrance 1,Entrance 1,2
female,06.09.2025 10:15:20,06.09.2025 10:19:35,Entrance 1,Entrance 1,2
male,06.09.2025 10:09:53,06.09.2025 10:19:53,Entrance 2,Entrance 1,1
male,06.09.2025 10:15:39,06.09.2025 10:20:06,Entrance 1,Entrance 1,2
male,06.09.2025 10:16:57,06.09.2025 10:20:43,Entrance 1,Entrance 2,1
male,06.09.2025 10:17:44,06.09.2025 10:20:44,Entrance 1,Entrance 2,1
female,06.09.2025 10:10:46,06.09.2025 10:20:46,Entrance 1,Entrance 1,1
male,06.09.2025 10:11:45,06.09.2025 10:20:49,Entrance 2,Entrance 1,1
male,06.09.2025 10:17:35,06.09.2025 10:21:09,Entrance 1,Entrance 1,1
male,06.09.2025 10:15:58,06.09.2025 10:21:09,Entrance 2,Entrance 1,1
male,06.09.2025 10:13:41,06.09.2025 10:21:10,Entrance 2,Entrance 2,1
car,06.09.2025 08:59:04,06.09.2025 10:21:13,None,None,1
female,06.09.2025 10:15:37,06.09.2025 10:21:21,Entrance 2,Entrance 1,1
female,06.09.2025 10:14:52,06.09.2025 10:21:49,Entrance 2,Entrance 2,1
car,06.09.2025 09:16:40,06.09.2025 10:22:29,None,None,1
male,06.09.2025 10:18:31,06.09.2025 10:23:14,Entrance 1,Entrance 2,1
female,06.09.2025 10:14:44,06.09.2025 10:23:20,Entrance 2,Entrance 1,1
male,06.09.2025 10:18:15,06.09.2025 10:23:36,None,None,2
male,06.09.2025 10:18:20,06.09.2025 10:23:51,Entrance 1,Entrance 1,2
car,06.09.2025 09:31:57,06.09.2025 10:24:02,None,None,2
male,06.09.2025 10:21:12,06.09.2025 10:24:23,Entrance 1,Entrance 1,2
male,06.09.2025 10:19:46,06.09.2025 10:24:46,Entrance 1,Entrance 2,1
male,06.09.2025 10:20:32,06.09.2025 10:24:51,Entrance 2,Entrance 1,1
male,06.09.2025 10:21:11,06.09.2025 10:25:06,Entrance 1,Entrance 1,2
male,06.09.2025 10:17:22,06.09.2025 10:25:52,Entrance 2,Entrance 1,1
male,06.09.2025 10:22:52,06.09.2025 10:26:16,None,Entrance 1,2
male,06.09.2025 10:22:35,06.09.2025 10:26:55,Entrance 1,Entrance 1,1
male,06.09.2025 10:21:29,06.09.2025 10:27:05,Entrance 1,None,1
car,06.09.2025 09:37:56,06.09.2025 10:27:14,None,None,2
female,06.09.2025 10:21:53,06.09.2025 10:27:30,Entrance 1,Entrance 1,2
male,06.09.2025 10:20:16,06.09.2025 10:27:41,Entrance 2,Entrance 2,1
male,06.09.2025 10:23:29,06.09.2025 10:27:56,Entrance 1,Entrance 1,2
female,06.09.2025 10:22:05,06.09.2025 10:28:18,Entrance 1,Entrance 1,1
male,06.09.2025 10:22:46,06.09.2025 10:29:45,Entrance 2,Entrance 2,1
female,06.09.2025 10:27:08,06.09.2025 10:30:08,None,Entrance 1,2
male,06.09.2025 10:26:45,06.09.2025 10:30:17,Entrance 1,Entrance 1,2
female,06.09.2025 10:26:05,06.09.2025 10:30:22,Entrance 2,Entrance 1,1
female,06.09.2025 10:24:53,06.09.2025 10:30:23,Entrance 2,Entrance 1,1
female,06.09.2025 10:25:47,06.09.2025 10:30:41,Entrance 1,Entrance 1,2
female,06.09.2025 10:27:31,06.09.2025 10:31:18,Entrance 1,Entrance 1,2
female,06.09.2025 10:28:27,06.09.2025 10:31:44,Entrance 1,Entrance 2,1
female,06.09.2025 10:23:52,06.09.2025 10:31:55,Entrance 1,Entrance 2,1
male,06.09.2025 10:26:37,06.09.2025 10:32:50,Entrance 1,Entrance 2,1
female,06.09.2025 10:30:21,06.09.2025 10:34:03,Entrance 1,Entrance 1,2
male,06.09.2025 10:30:52,06.09.2025 10:34:11,Entrance 1,Entrance 1,2
male,06.09.2025 10:28:06,06.09.2025 10:34:11,Entrance 1,Entrance 1,2
female,06.09.2025 10:25:19,06.09.2025 10:35:19,Entrance 2,Entrance 2,1
male,06.09.2025 10:29:24,06.09.2025 10:35:54,Entrance 1,None,2
male,06.09.2025 10:33:13,06.09.2025 10:37:26,Entrance 1,Entrance 1,1
male,06.09.2025 10:32:21,06.09.2025 10:38:52,Entrance 1,Entrance 1,2
male,06.09.2025 10:29:00,06.09.2025 10:38:58,Entrance 2,Entrance 1,1
male,06.09.2025 10:35:14,06.09.2025 10:39:19,Entrance 1,Entrance 1,1
female,06.09.2025 10:36:27,06.09.2025 10:39:28,None,Entrance 1,1
male,06.09.2025 10:34:26,06.09.2025 10:40:41,Entrance 1,Entrance 1,2
male,06.09.2025 10:33:06,06.09.2025 10:41:38,Entrance 2,Entrance 1,1
male,06.09.2025 10:33:25,06.09.2025 10:41:43,Entrance 2,Entrance 1,1
female,06.09.2025 10:32:50,06.09.2025 10:42:50,Entrance 2,Entrance 2,1
male,06.09.2025 10:36:53,06.09.2025 10:43:12,Entrance 1,Entrance 1,2
male,06.09.2025 10:38:15,06.09.2025 10:43:35,Entrance 1,Entrance 1,2
female,06.09.2025 10:39:20,06.09.2025 10:44:15,Entrance 1,Entrance 2,1
female,06.09.2025 10:39:01,06.09.2025 10:45:22,Entrance 1,Entrance 1,1
male,06.09.2025 10:41:02,06.09.2025 10:45:39,Entrance 1,Entrance 2,1
male,06.09.2025 10:41:17,06.09.2025 10:46:04,Entrance 1,Entrance 1,2
male,06.09.2025 10:39:37,06.09.2025 10:46:27,Entrance 1,Entrance 1,1
male,06.09.2025 10:43:40,06.09.2025 10:46:40,Entrance 1,Entrance 1,2
male,06.09.2025 10:40:09,06.09.2025 10:47:07,Entrance 2,Entrance 2,1
male,06.09.2025 10:40:22,06.09.2025 10:47:11,Entrance 1,Entrance 1,2
female,06.09.2025 10:39:57,06.09.2025 10:48:05,Entrance 1,Entrance 1,2
male,06.09.2025 10:40:34,06.09.2025 10:50:34,Entrance 1,Entrance 1,2
male,06.09.2025 10:45:24,06.09.2025 10:52:27,Entrance 1,Entrance 1,2
female,06.09.2025 10:50:24,06.09.2025 10:53:47,None,Entrance 1,2
male,06.09.2025 10:51:33,06.09.2025 10:54:33,Entrance 1,Entrance 1,2
male,06.09.2025 10:50:11,06.09.2025 10:54:53,Entrance 1,Entrance 1,2
female,06.09.2025 10:51:45,06.09.2025 10:55:16,Entrance 1,None,2
female,06.09.2025 10:53:41,06.09.2025 10:57:20,Entrance 1,Entrance 1,2
car,06.09.2025 10:04:16,06.09.2025 11:00:34,None,None,1
male,06.09.2025 10:53:32,06.09.2025 11:01:57,Entrance 1,None,2
male,06.09.2025 10:55:42,06.09.2025 11:02:50,Entrance 1,Entrance 1,2
female,06.09.2025 11:00:02,06.09.2025 11:03:40,Entrance 1,Entrance 1,1
male,06.09.2025 10:59:00,06.09.2025 11:03:54,Entrance 1,Entrance 1,2
male,06.09.2025 11:00:30,06.09.2025 11:04:14,Entrance 1,Entrance 2,1
male,06.09.2025 10:56:58,06.09.2025 11:04:24,Entrance 1,Entrance 1,2
male,06.09.2025 11:00:18,06.09.2025 11:05:22,Entrance 1,Entrance 2,1
male,06.09.2025 11:00:23,06.09.2025 11:05:35,Entrance 1,Entrance 1,1
male,06.09.2025 11:00:49,06.09.2025 11:05:44,Entrance 1,Entrance 1,2
male,06.09.2025 10:58:41,06.09.2025 11:06:04,Entrance 1,Entrance 1,2
male,06.09.2025 11:00:45,06.09.2025 11:07:01,Entrance 2,Entrance 2,1
male,06.09.2025 10:59:31,06.09.2025 11:07:07,Entrance 1,Entrance 1,2
male,06.09.2025 11:00:01,06.09.2025 11:07:34,Entrance 2,Entrance 2,1
female,06.09.2025 11:02:58,06.09.2025 11:07:58,Entrance 1,None,1
male,06.09.2025 11:01:27,06.09.2025 11:08:07,Entrance 1,Entrance 2,1
male,06.09.2025 11:02:51,06.09.2025 11:08:27,Entrance 2,Entrance 2,1
car,06.09.2025 10:33:09,06.09.2025 11:09:28,None,None,2
male,06.09.2025 11:04:28,06.09.2025 11:11:30,Entrance 1,Entrance 2,1
male,06.09.2025 11:01:47,06.09.2025 11:11:47,Entrance 2,Entrance 2,1
male,06.09.2025 11:06:22,06.09.2025 11:11:50,None,Entrance 1,1
female,06.09.2025 11:05:53,06.09.2025 11:11:57,Entrance 1,Entrance 1,2
male,06.09.2025 11:07:07,06.09.2025 11:12:36,Entrance 1,Entrance 1,2
male,06.09.2025 11:10:02,06.09.2025 11:13:55,Entrance 1,Entrance 1,1
male,06.09.2025 11:06:00,06.09.2025 11:13:59,Entrance 2,None,1
male,06.09.2025 11:06:49,06.09.2025 11:15:11,Entrance 2,Entrance 1,1
female,06.09.2025 11:12:28,06.09.2025 11:15:40,Entrance 1,Entrance 1,2
male,06.09.2025 11:13:16,06.09.2025 11:16:50,Entrance 1,Entrance 2,1
male,06.09.2025 11:14:33,06.09.2025 11:17:33,Entrance 1,Entrance 2,1
female,06.09.2025 11:13:33,06.09.2025 11:17:37,Entrance 1,Entrance 1,1
female,06.09.2025 11:10:49,06.09.2025 11:18:01,Entrance 1,Entrance 2,1
female,06.09.2025 11:11:02,06.09.2025 11:18:25,Entrance 1,Entrance 1,2
male,06.09.2025 11:10:22,06.09.2025 11:18:58,Entrance 1,Entrance 1,2
male,06.09.2025 11:09:04,06.09.2025 11:19:04,Entrance 2,Entrance 2,1
male,06.09.2025 11:16:25,06.09.2025 11:19:28,Entrance 1,Entrance 2,1
male,06.09.2025 11:16:37,06.09.2025 11:19:37,Entrance 1,Entrance 1,1
female,06.09.2025 11:14:01,06.09.2025 11:20:13,Entrance 2,None,1
male,06.09.2025 11:17:37,06.09.2025 11:20:56,Entrance 1,Entrance 1,1
male,06.09.2025 11:17:27,06.09.2025 11:21:04,Entrance 1,Entrance 1,1
female,06.09.2025 11:18:26,06.09.2025 11:21:41,None,Entrance 1,1
male,06.09.2025 11:20:47,06.09.2025 11:24:01,Entrance 1,Entrance 1,2
female,06.09.2025 11:21:50,06.09.2025 11:24:51,Entrance 1,Entrance 1,1
female,06.09.2025 11:20:05,06.09.2025 11:25:20,Entrance 2,Entrance 1,1
male,06.09.2025 11:18:52,06.09.2025 11:25:34,Entrance 1,Entrance 1,2
female,06.09.2025 11:22:13,06.09.2025 11:25:56,Entrance 1,Entrance 1,2
female,06.09.2025 11:24:43,06.09.2025 11:27:43,Entrance 1,Entrance 1,1
female,06.09.2025 11:21:33,06.09.2025 11:28:01,Entrance 1,None,2
male,06.09.2025 11:23:23,06.09.2025 11:28:12,Entrance 1,Entrance 2,1
male,06.09.2025 11:24:38,06.09.2025 11:28:14,Entrance 1,Entrance 1,2
male,06.09.2025 11:22:59,06.09.2025 11:28:39,Entrance 1,Entrance 1,2
male,06.09.2025 11:25:05,06.09.2025 11:29:35,Entrance 2,Entrance 1,1
female,06.09.2025 11:21:50,06.09.2025 11:30:13,Entrance 2,Entrance 1,1
male,06.09.2025 11:24:10,06.09.2025 11:30:16,Entrance 1,Entrance 1,2
male,06.09.2025 11:20:36,06.09.2025 11:30:36,Entrance 2,Entrance 2,1
male,06.09.2025 11:29:12,06.09.2025 11:32:12,Entrance 1,Entrance 1,2
male,06.09.2025 11:29:14,06.09.2025 11:32:14,Entrance 1,Entrance 2,1
female,06.09.2025 11:22:48,06.09.2025 11:32:48,Entrance 2,Entrance 1,1
male,06.09.2025 11:27:40,06.09.2025 11:33:06,Entrance 1,Entrance 1,2
male,06.09.2025 11:30:37,06.09.2025 11:33:37,Entrance 1,Entrance 2,1
male,06.09.2025 11:30:23,06.09.2025 11:33:40,None,Entrance 1,2
car,06.09.2025 09:01:05,06.09.2025 11:34:02,None,None,1
car,06.09.2025 08:30:49,06.09.2025 11:35:51,None,None,2
female,06.09.2025 11:31:10,06.09.2025 11:38:40,Entrance 2,Entrance 2,1
male,06.09.2025 11:34:06,06.09.2025 11:39:31,Entrance 1,None,2
car,06.09.2025 11:02:56,06.09.2025 11:40:37,None,None,1
car,06.09.2025 10:58:23,06.09.2025 11:41:24,None,None,2
female,06.09.2025 11:36:13,06.09.2025 11:42:18,Entrance 2,Entrance 1,1
female,06.09.2025 11:37:50,06.09.2025 11:42:58,Entrance 1,Entrance 1,2
male,06.09.2025 11:38:52,06.09.2025 11:43:16,Entrance 1,Entrance 1,2
female,06.09.2025 11:40:44,06.09.2025 11:43:44,Entrance 1,Entrance 2,1
male,06.09.2025 11:40:31,06.09.2025 11:44:49,Entrance 1,Entrance 1,2
car,06.09.2025 11:09:20,06.09.2025 11:46:18,None,None,1
female,06.09.2025 11:42:20,06.09.2025 11:46:36,Entrance 1,Entrance 1,2
female,06.09.2025 11:44:07,06.09.2025 11:47:13,Entrance 1,Entrance 1,2
male,06.09.2025 11:40:44,06.09.2025 11:48:10,Entrance 2,Entrance 2,1
female,06.09.2025 11:47:34,06.09.2025 11:52:48,Entrance 1,Entrance 1,2
female,06.09.2025 11:48:30,06.09.2025 11:53:43,Entrance 1,Entrance 1,2
male,06.09.2025 11:50:16,06.09.2025 11:55:37,Entrance 1,Entrance 1,2
male,06.09.2025 11:55:07,06.09.2025 11:59:28,Entrance 1,Entrance 1,2
female,06.09.2025 11:58:49,06.09.2025 12:01:49,Entrance 1,None,2
male,06.09.2025 11:56:30,06.09.2025 12:02:08,Entrance 1,Entrance 1,2
car,06.09.2025 10:46:26,06.09.2025 12:02:42,None,None,1
car,06.09.2025 11:13:03,06.09.2025 12:05:25,None,None,2
male,06.09.2025 12:02:24,06.09.2025 12:06:29,Entrance 1,Entrance 2,1
male,06.09.2025 12:06:59,06.09.2025 12:10:25,Entrance 1,Entrance 1,2
female,06.09.2025 12:06:07,06.09.2025 12:11:25,Entrance 1,Entrance 1,1
car,06.09.2025 11:52:09,06.09.2025 12:11:42,None,None,2
female,06.09.2025 12:09:13,06.09.2025 12:12:13,Entrance 1,Entrance 1,1
male,06.09.2025 12:06:17,06.09.2025 12:15:11,Entrance 2,Entrance 1,1
car,06.09.2025 10:36:16,06.09.2025 12:18:42,None,None,1
male,06.09.2025 12:18:01,06.09.2025 12:26:06,Entrance 2,Entrance 1,1
car,06.09.2025 10:53:51,06.09.2025 12:26:49,None,None,2
male,06.09.2025 12:23:57,06.09.2025 12:26:57,Entrance 1,Entrance 1,2
female,06.09.2025 12:21:57,06.09.2025 12:27:43,Entrance 2,Entrance 1,1
male,06.09.2025 12:23:46,06.09.2025 12:27:55,Entrance 1,Entrance 1,2
male,06.09.2025 12:25:48,06.09.2025 12:29:25,Entrance 1,Entrance 2,1
male,06.09.2025 12:27:44,06.09.2025 12:32:15,Entrance 1,Entrance 1,2
male,06.09.2025 12:25:30,06.09.2025 12:35:30,Entrance 2,Entrance 2,1
car,06.09.2025 09:25:13,06.09.2025 12:39:36,None,None,2
car,06.09.2025 11:53:10,06.09.2025 12:41:37,None,None,2
female,06.09.2025 12:41:31,06.09.2025 12:45:49,Entrance 1,None,2
female,06.09.2025 12:46:43,06.09.2025 12:51:47,Entrance 1,Entrance 1,2
male,06.09.2025 12:47:59,06.09.2025 12:52:11,Entrance 1,Entrance 1,2
male,06.09.2025 12:46:08,06.09.2025 12:52:28,Entrance 1,Entrance 1,2
male,06.09.2025 12:48:42,06.09.2025 12:53:23,Entrance 2,Entrance 1,1
male,06.09.2025 12:49:20,06.09.2025 12:54:33,Entrance 1,Entrance 1,2
male,06.09.2025 12:50:10,06.09.2025 12:56:28,Entrance 1,Entrance 1,2
male,06.09.2025 12:53:37,06.09.2025 12:56:37,Entrance 1,Entrance 2,1
male,06.09.2025 12:53:03,06.09.2025 12:56:46,Entrance 1,Entrance 1,1
male,06.09.2025 12:49:27,06.09.2025 12:59:27,Entrance 2,Entrance 1,1
male,06.09.2025 12:51:20,06.09.2025 13:00:26,Entrance 1,Entrance 1,1
female,06.09.2025 12:57:26,06.09.2025 13:02:08,Entrance 2,Entrance 1,1
male,06.09.2025 12:59:12,06.09.2025 13:03:35,Entrance 1,Entrance 1,2
car,06.09.2025 11:43:33,06.09.2025 13:05:55,None,None,1
car,06.09.2025 11:30:43,06.09.2025 13:06:30,None,None,2
car,06.09.2025 11:36:18,06.09.2025 13:13:52,None,None,2
car,06.09.2025 08:17:10,06.09.2025 13:17:10,None,None,1
male,06.09.2025 13:13:19,06.09.2025 13:17:14,None,None,2
car,06.09.2025 11:19:33,06.09.2025 13:17:58,None,None,1
male,06.09.2025 13:24:42,06.09.2025 13:30:30,Entrance 1,Entrance 1,2
female,06.09.2025 13:27:29,06.09.2025 13:30:45,Entrance 1,Entrance 1,2
female,06.09.2025 13:24:07,06.09.2025 13:32:42,Entrance 1,Entrance 1,1
female,06.09.2025 13:29:27,06.09.2025 13:32:42,Entrance 1,Entrance 1,1
female,06.09.2025 13:32:05,06.09.2025 13:37:01,Entrance 1,Entrance 1,2
female,06.09.2025 13:33:41,06.09.2025 13:37:47,Entrance 1,None,2
male,06.09.2025 13:38:36,06.09.2025 13:42:32,Entrance 1,Entrance 2,1
female,06.09.2025 13:42:05,06.09.2025 13:47:45,Entrance 2,Entrance 1,1
male,06.09.2025 13:46:05,06.09.2025 13:50:22,Entrance 1,Entrance 1,2
female,06.09.2025 13:47:20,06.09.2025 13:51:51,Entrance 1,Entrance 1,1
car,06.09.2025 12:41:15,06.09.2025 13:54:11,None,None,1
female,06.09.2025 13:49:50,06.09.2025 13:54:23,Entrance 1,Entrance 2,1
male,06.09.2025 13:49:24,06.09.2025 13:54:56,None,Entrance 2,1
female,06.09.2025 13:47:00,06.09.2025 13:55:26,Entrance 1,Entrance 1,2
female,06.09.2025 13:54:31,06.09.2025 13:57:31,None,Entrance 2,1
car,06.09.2025 13:25:42,06.09.2025 14:05:17,None,None,1
female,06.09.2025 14:02:11,06.09.2025 14:09:01,Entrance 1,Entrance 1,2
male,06.09.2025 14:04:58,06.09.2025 14:09:49,None,Entrance 2,1
female,06.09.2025 14:08:20,06.09.2025 14:11:20,None,Entrance 1,2
male,06.09.2025 14:02:45,06.09.2025 14:11:26,Entrance 1,Entrance 1,2
car,06.09.2025 11:29:01,06.09.2025 14:17:28,None,None,2
female,06.09.2025 14:09:40,06.09.2025 14:17:35,Entrance 2,Entrance 1,1
female,06.09.2025 14:12:21,06.09.2025 14:17:46,Entrance 1,Entrance 1,2
male,06.09.2025 14:13:34,06.09.2025 14:18:27,Entrance 1,Entrance 1,2
car,06.09.2025 13:47:10,06.09.2025 14:18:32,None,None,1
female,06.09.2025 14:16:25,06.09.2025 14:21:52,None,Entrance 1,2
female,06.09.2025 14:19:46,06.09.2025 14:26:03,Entrance 1,None,2
car,06.09.2025 12:52:36,06.09.2025 14:28:57,None,None,1
car,06.09.2025 13:57:50,06.09.2025 14:31:40,None,None,2
female,06.09.2025 14:28:15,06.09.2025 14:32:19,Entrance 1,Entrance 1,1
female,06.09.2025 14:28:59,06.09.2025 14:34:33,Entrance 2,Entrance 1,1
female,06.09.2025 14:38:25,06.09.2025 14:42:16,Entrance 1,Entrance 1,2
car,06.09.2025 11:33:02,06.09.2025 14:48:17,None,None,2
male,06.09.2025 14:40:51,06.09.2025 14:48:41,Entrance 2,Entrance 2,1
male,06.09.2025 14:44:56,06.09.2025 14:48:48,Entrance 1,Entrance 1,1
car,06.09.2025 14:25:14,06.09.2025 14:49:23,None,None,1
male,06.09.2025 14:41:52,06.09.2025 14:51:44,Entrance 1,Entrance 1,2
female,06.09.2025 14:47:57,06.09.2025 14:51:45,Entrance 1,Entrance 1,2
female,06.09.2025 14:47:48,06.09.2025 14:53:03,Entrance 1,Entrance 1,1
car,06.09.2025 13:05:08,06.09.2025 14:56:13,None,None,2
car,06.09.2025 11:14:24,06.09.2025 15:00:25,None,None,1
car,06.09.2025 13:53:55,06.09.2025 15:00:47,None,None,1
female,06.09.2025 15:00:06,06.09.2025 15:05:21,Entrance 1,Entrance 2,1
male,06.09.2025 15:07:03,06.09.2025 15:10:42,None,Entrance 1,2
male,06.09.2025 15:07:59,06.09.2025 15:13:42,Entrance 2,Entrance 1,1
female,06.09.2025 15:05:24,06.09.2025 15:15:24,Entrance 2,Entrance 1,1
female,06.09.2025 15:13:06,06.09.2025 15:16:43,None,Entrance 1,2
male,06.09.2025 15:13:00,06.09.2025 15:17:01,Entrance 1,None,2
female,06.09.2025 15:12:37,06.09.2025 15:18:53,Entrance 1,Entrance 2,1
male,06.09.2025 15:09:41,06.09.2025 15:19:41,Entrance 1,Entrance 1,2
car,06.09.2025 13:34:16,06.09.2025 15:20:36,None,None,2
female,06.09.2025 15:12:00,06.09.2025 15:20:45,Entrance 2,Entrance 1,1
car,06.09.2025 15:00:28,06.09.2025 15:20:48,None,None,1
male,06.09.2025 15:14:28,06.09.2025 15:20:59,Entrance 1,Entrance 1,2
male,06.09.2025 15:15:43,06.09.2025 15:24:04,Entrance 1,Entrance 1,2
male,06.09.2025 15:21:31,06.09.2025 15:25:10,None,Entrance 1,2
male,06.09.2025 15:18:43,06.09.2025 15:25:12,Entrance 1,Entrance 2,1
female,06.09.2025 15:22:26,06.09.2025 15:26:58,Entrance 2,Entrance 2,1
male,06.09.2025 15:17:39,06.09.2025 15:27:39,Entrance 1,Entrance 1,2
male,06.09.2025 15:28:28,06.09.2025 15:31:47,Entrance 1,Entrance 1,2
male,06.09.2025 15:30:27,06.09.2025 15:34:04,Entrance 1,Entrance 1,2
male,06.09.2025 15:31:13,06.09.2025 15:34:13,Entrance 1,Entrance 1,1
male,06.09.2025 15:25:19,06.09.2025 15:35:19,Entrance 2,Entrance 1,1
female,06.09.2025 15:25:35,06.09.2025 15:35:35,Entrance 2,Entrance 1,1
female,06.09.2025 15:35:22,06.09.2025 15:38:49,None,Entrance 1,2
female,06.09.2025 15:29:04,06.09.2025 15:39:04,Entrance 1,Entrance 1,2
male,06.09.2025 15:30:36,06.09.2025 15:39:23,Entrance 1,Entrance 1,2
male,06.09.2025 15:32:54,06.09.2025 15:39:25,Entrance 1,Entrance 1,1
male,06.09.2025 15:36:30,06.09.2025 15:40:20,Entrance 2,Entrance 1,1
male,06.09.2025 15:37:16,06.09.2025 15:41:35,Entrance 1,None,1
male,06.09.2025 15:37:14,06.09.2025 15:41:47,None,Entrance 1,1
male,06.09.2025 15:32:12,06.09.2025 15:42:12,Entrance 1,Entrance 1,1
male,06.09.2025 15:38:28,06.09.2025 15:46:31,Entrance 1,Entrance 1,2
female,06.09.2025 15:42:16,06.09.2025 15:47:17,Entrance 1,Entrance 2,1
male,06.09.2025 15:39:06,06.09.2025 15:49:06,Entrance 2,Entrance 2,1
male,06.09.2025 15:40:22,06.09.2025 15:50:22,Entrance 2,None,1
male,06.09.2025 15:43:39,06.09.2025 15:51:07,Entrance 2,Entrance 1,1
car,06.09.2025 15:12:49,06.09.2025 15:54:36,None,None,2
male,06.09.2025 15:50:09,06.09.2025 15:55:24,Entrance 2,Entrance 2,1
male,06.09.2025 15:51:20,06.09.2025 15:55:35,Entrance 1,Entrance 1,2
male,06.09.2025 15:45:55,06.09.2025 15:55:55,Entrance 1,Entrance 1,2
male,06.09.2025 15:50:12,06.09.2025 15:57:20,Entrance 1,Entrance 2,1
car,06.09.2025 12:42:44,06.09.2025 16:00:27,None,None,1
male,06.09.2025 15:55:29,06.09.2025 16:05:29,Entrance 2,Entrance 1,1
female,06.09.2025 16:03:11,06.09.2025 16:09:31,Entrance 1,Entrance 1,2
female,06.09.2025 16:07:41,06.09.2025 16:10:44,None,Entrance 1,2
female,06.09.2025 16:05:38,06.09.2025 16:11:55,Entrance 1,Entrance 1,2
male,06.09.2025 16:04:03,06.09.2025 16:14:03,Entrance 2,Entrance 2,1
male,06.09.2025 16:09:36,06.09.2025 16:14:04,Entrance 1,Entrance 2,1
female,06.09.2025 16:12:10,06.09.2025 16:17:02,Entrance 1,Entrance 2,1
female,06.09.2025 16:13:32,06.09.2025 16:17:24,Entrance 1,Entrance 1,2
male,06.09.2025 16:10:20,06.09.2025 16:17:52,Entrance 2,Entrance 1,1
male,06.09.2025 16:14:51,06.09.2025 16:18:24,Entrance 1,Entrance 1,1
female,06.09.2025 16:17:37,06.09.2025 16:22:18,Entrance 1,Entrance 2,1
female,06.09.2025 16:17:46,06.09.2025 16:22:31,Entrance 1,Entrance 2,1
female,06.09.2025 16:17:46,06.09.2025 16:22:35,Entrance 1,Entrance 2,1
male,06.09.2025 16:12:39,06.09.2025 16:22:39,Entrance 2,Entrance 1,1
female,06.09.2025 16:18:13,06.09.2025 16:24:22,Entrance 1,Entrance 1,2
male,06.09.2025 16:19:40,06.09.2025 16:24:27,Entrance 1,Entrance 1,2
male,06.09.2025 16:19:09,06.09.2025 16:25:34,Entrance 1,Entrance 1,2
female,06.09.2025 16:18:35,06.09.2025 16:25:49,Entrance 1,Entrance 1,2
male,06.09.2025 16:23:15,06.09.2025 16:26:15,Entrance 1,None,1
female,06.09.2025 16:17:55,06.09.2025 16:26:33,Entrance 1,Entrance 1,2
male,06.09.2025 16:26:01,06.09.2025 16:29:22,Entrance 1,Entrance 1,1
female,06.09.2025 16:26:01,06.09.2025 16:29:53,Entrance 1,Entrance 2,1
female,06.09.2025 16:22:49,06.09.2025 16:29:57,Entrance 1,None,2
male,06.09.2025 16:24:34,06.09.2025 16:30:00,Entrance 1,Entrance 1,2
male,06.09.2025 16:22:07,06.09.2025 16:32:07,Entrance 2,Entrance 2,1
female,06.09.2025 16:22:07,06.09.2025 16:32:07,Entrance 2,Entrance 1,1
male,06.09.2025 16:27:03,06.09.2025 16:32:18,Entrance 1,Entrance 1,1
male,06.09.2025 16:25:44,06.09.2025 16:33:20,Entrance 1,Entrance 1,2
car,06.09.2025 14:09:07,06.09.2025 16:34:15,None,None,1
female,06.09.2025 16:28:40,06.09.2025 16:34:55,Entrance 2,Entrance 1,1
female,06.09.2025 16:25:28,06.09.2025 16:35:28,Entrance 2,Entrance 2,1
male,06.09.2025 16:30:10,06.09.2025 16:36:21,Entrance 1,Entrance 1,2
male,06.09.2025 16:32:55,06.09.2025 16:36:27,None,Entrance 1,2
male,06.09.2025 16:33:21,06.09.2025 16:37:42,Entrance 1,Entrance 2,1
female,06.09.2025 16:34:50,06.09.2025 16:39:51,Entrance 1,Entrance 1,1
female,06.09.2025 16:34:24,06.09.2025 16:39:56,Entrance 1,Entrance 1,2
male,06.09.2025 16:33:42,06.09.2025 16:40:13,Entrance 1,Entrance 1,2
male,06.09.2025 16:35:18,06.09.2025 16:40:19,Entrance 1,Entrance 1,2
male,06.09.2025 16:36:26,06.09.2025 16:43:45,Entrance 1,Entrance 1,1
car,06.09.2025 15:51:05,06.09.2025 16:46:18,None,None,2
male,06.09.2025 16:43:25,06.09.2025 16:46:25,Entrance 1,Entrance 1,1
female,06.09.2025 16:40:00,06.09.2025 16:47:06,Entrance 1,Entrance 1,2
female,06.09.2025 16:37:20,06.09.2025 16:47:18,Entrance 2,Entrance 2,1
male,06.09.2025 16:44:00,06.09.2025 16:47:36,Entrance 1,Entrance 2,1
male,06.09.2025 16:40:09,06.09.2025 16:50:09,Entrance 2,Entrance 2,1
male,06.09.2025 16:44:32,06.09.2025 16:50:09,Entrance 1,Entrance 1,2
male,06.09.2025 16:43:57,06.09.2025 16:51:34,Entrance 1,Entrance 1,1
male,06.09.2025 16:44:27,06.09.2025 16:51:44,Entrance 2,Entrance 2,1
male,06.09.2025 16:46:46,06.09.2025 16:53:28,Entrance 2,Entrance 1,1
female,06.09.2025 16:48:13,06.09.2025 16:54:01,Entrance 2,Entrance 2,1
female,06.09.2025 16:51:54,06.09.2025 16:54:54,Entrance 1,Entrance 1,1
male,06.09.2025 16:50:58,06.09.2025 16:55:09,Entrance 1,Entrance 2,1
male,06.09.2025 16:53:24,06.09.2025 16:56:24,Entrance 1,Entrance 1,2
car,06.09.2025 15:17:55,06.09.2025 16:57:15,None,None,2
male,06.09.2025 16:55:56,06.09.2025 16:59:36,Entrance 1,Entrance 2,1
female,06.09.2025 16:50:35,06.09.2025 17:00:35,Entrance 1,Entrance 1,2
male,06.09.2025 16:55:05,06.09.2025 17:00:39,Entrance 1,Entrance 2,1
car,06.09.2025 15:26:56,06.09.2025 17:00:58,None,None,2
female,06.09.2025 16:56:20,06.09.2025 17:01:49,Entrance 1,Entrance 1,2
male,06.09.2025 16:56:07,06.09.2025 17:01:50,Entrance 1,None,2
female,06.09.2025 16:54:25,06.09.2025 17:01:52,Entrance 1,Entrance 1,1
male,06.09.2025 16:58:36,06.09.2025 17:03:07,Entrance 1,Entrance 1,2
male,06.09.2025 16:59:48,06.09.2025 17:04:01,Entrance 1,Entrance 2,1
male,06.09.2025 16:57:38,06.09.2025 17:04:03,Entrance 1,Entrance 2,1
male,06.09.2025 17:00:02,06.09.2025 17:04:31,Entrance 1,Entrance 1,1
male,06.09.2025 16:57:53,06.09.2025 17:04:38,Entrance 1,Entrance 2,1
male,06.09.2025 17:01:12,06.09.2025 17:06:27,Entrance 1,Entrance 1,1
female,06.09.2025 17:04:17,06.09.2025 17:07:17,Entrance 1,Entrance 1,2
female,06.09.2025 17:00:31,06.09.2025 17:07:43,Entrance 1,Entrance 1,2
male,06.09.2025 17:03:01,06.09.2025 17:08:17,Entrance 2,Entrance 1,1
male,06.09.2025 17:03:57,06.09.2025 17:08:37,Entrance 1,Entrance 1,2
male,06.09.2025 17:06:00,06.09.2025 17:09:00,None,Entrance 2,1
male,06.09.2025 17:03:48,06.09.2025 17:09:02,Entrance 1,Entrance 1,2
male,06.09.2025 17:03:00,06.09.2025 17:09:18,Entrance 2,None,1
male,06.09.2025 17:00:56,06.09.2025 17:10:09,Entrance 2,Entrance 1,1
female,06.09.2025 17:05:35,06.09.2025 17:10:47,Entrance 1,Entrance 2,1
female,06.09.2025 17:05:29,06.09.2025 17:11:53,Entrance 2,Entrance 1,1
male,06.09.2025 17:06:46,06.09.2025 17:13:08,Entrance 1,Entrance 2,1
male,06.09.2025 17:08:59,06.09.2025 17:13:09,Entrance 1,Entrance 1,1
male,06.09.2025 17:09:45,06.09.2025 17:13:27,Entrance 1,None,1
female,06.09.2025 17:05:15,06.09.2025 17:13:32,Entrance 1,Entrance 1,2
female,06.09.2025 17:05:51,06.09.2025 17:13:35,Entrance 2,Entrance 2,1
male,06.09.2025 17:08:21,06.09.2025 17:14:09,Entrance 1,Entrance 1,1
female,06.09.2025 17:04:53,06.09.2025 17:14:53,Entrance 2,Entrance 2,1
male,06.09.2025 17:09:12,06.09.2025 17:15:36,Entrance 1,Entrance 1,1
female,06.09.2025 17:10:27,06.09.2025 17:16:15,Entrance 1,Entrance 1,2
male,06.09.2025 17:09:33,06.09.2025 17:16:56,Entrance 1,Entrance 1,1
male,06.09.2025 17:10:26,06.09.2025 17:17:14,Entrance 2,Entrance 1,1
male,06.09.2025 17:08:54,06.09.2025 17:17:41,Entrance 2,Entrance 1,1
car,06.09.2025 14:53:42,06.09.2025 17:18:03,None,None,2
male,06.09.2025 17:09:38,06.09.2025 17:18:15,Entrance 2,Entrance 2,1
male,06.09.2025 17:12:35,06.09.2025 17:18:15,Entrance 2,Entrance 2,1
female,06.09.2025 17:12:54,06.09.2025 17:19:16,Entrance 1,Entrance 1,2
male,06.09.2025 17:14:19,06.09.2025 17:19:40,Entrance 1,Entrance 1,2
female,06.09.2025 17:13:36,06.09.2025 17:20:03,Entrance 1,Entrance 1,1
female,06.09.2025 17:13:27,06.09.2025 17:20:45,Entrance 1,Entrance 2,1
female,06.09.2025 17:14:40,06.09.2025 17:21:03,Entrance 1,Entrance 1,2
female,06.09.2025 17:15:25,06.09.2025 17:21:03,Entrance 2,Entrance 1,1
male,06.09.2025 17:11:03,06.09.2025 17:21:03,Entrance 2,Entrance 1,1
male,06.09.2025 17:16:19,06.09.2025 17:22:24,Entrance 1,Entrance 1,2
male,06.09.2025 17:15:57,06.09.2025 17:22:30,Entrance 1,Entrance 1,2
male,06.09.2025 17:19:25,06.09.2025 17:23:11,Entrance 1,Entrance 1,2
male,06.09.2025 17:14:38,06.09.2025 17:23:41,Entrance 1,None,2
female,06.09.2025 17:16:31,06.09.2025 17:24:37,Entrance 1,Entrance 1,2
male,06.09.2025 17:17:21,06.09.2025 17:25:03,Entrance 2,Entrance 2,1
car,06.09.2025 16:19:41,06.09.2025 17:25:21,None,None,1
male,06.09.2025 17:21:19,06.09.2025 17:25:45,Entrance 1,Entrance 1,1
male,06.09.2025 17:20:29,06.09.2025 17:27:15,Entrance 2,Entrance 1,1
male,06.09.2025 17:19:02,06.09.2025 17:27:16,Entrance 1,Entrance 1,1
male,06.09.2025 17:22:26,06.09.2025 17:27:22,Entrance 1,Entrance 1,1
female,06.09.2025 17:24:47,06.09.2025 17:28:01,Entrance 1,Entrance 2,1
male,06.09.2025 17:22:01,06.09.2025 17:28:07,Entrance 1,Entrance 1,2
female,06.09.2025 17:21:39,06.09.2025 17:28:45,Entrance 2,Entrance 1,1
male,06.09.2025 17:24:21,06.09.2025 17:28:58,Entrance 1,Entrance 2,1
male,06.09.2025 17:27:00,06.09.2025 17:30:23,Entrance 1,None,1
female,06.09.2025 17:29:05,06.09.2025 17:33:12,Entrance 1,Entrance 2,1
male,06.09.2025 17:28:33,06.09.2025 17:33:18,Entrance 1,Entrance 1,2
male,06.09.2025 17:26:55,06.09.2025 17:34:12,Entrance 2,Entrance 1,1
male,06.09.2025 17:30:04,06.09.2025 17:34:23,Entrance 1,Entrance 2,1
female,06.09.2025 17:28:52,06.09.2025 17:36:15,Entrance 1,Entrance 1,2
male,06.09.2025 17:33:46,06.09.2025 17:36:46,Entrance 1,Entrance 1,1
car,06.09.2025 17:01:12,06.09.2025 17:36:50,None,None,1
female,06.09.2025 17:31:43,06.09.2025 17:38:12,Entrance 1,Entrance 1,2
male,06.09.2025 17:32:31,06.09.2025 17:38:31,Entrance 1,Entrance 1,2
male,06.09.2025 17:29:59,06.09.2025 17:39:59,Entrance 2,Entrance 2,1
car,06.09.2025 16:04:42,06.09.2025 17:40:01,None,None,2
male,06.09.2025 17:35:59,06.09.2025 17:40:04,Entrance 1,Entrance 1,2
female,06.09.2025 17:36:00,06.09.2025 17:40:30,Entrance 1,Entrance 1,1
male,06.09.2025 17:36:36,06.09.2025 17:41:43,Entrance 1,Entrance 2,1
female,06.09.2025 17:37:35,06.09.2025 17:41:55,Entrance 1,Entrance 1,2
male,06.09.2025 17:35:26,06.09.2025 17:42:17,Entrance 2,Entrance 1,1
male,06.09.2025 17:33:47,06.09.2025 17:42:27,Entrance 1,Entrance 1,2
male,06.09.2025 17:39:10,06.09.2025 17:43:15,Entrance 1,Entrance 1,1
female,06.09.2025 17:40:22,06.09.2025 17:43:22,Entrance 1,Entrance 1,1
female,06.09.2025 17:35:36,06.09.2025 17:44:15,Entrance 1,Entrance 1,1
male,06.09.2025 17:34:32,06.09.2025 17:44:19,Entrance 1,Entrance 1,2
female,06.09.2025 17:41:46,06.09.2025 17:44:53,Entrance 1,Entrance 1,1
female,06.09.2025 17:41:32,06.09.2025 17:47:34,Entrance 1,Entrance 1,2
female,06.09.2025 17:43:49,06.09.2025 17:47:35,Entrance 1,Entrance 2,1
male,06.09.2025 17:42:40,06.09.2025 17:48:00,Entrance 1,Entrance 1,1
male,06.09.2025 17:43:51,06.09.2025 17:48:47,Entrance 1,Entrance 1,1
male,06.09.2025 17:46:02,06.09.2025 17:49:22,None,Entrance 2,1
male,06.09.2025 17:47:16,06.09.2025 17:50:23,Entrance 2,Entrance 1,1
male,06.09.2025 17:46:11,06.09.2025 17:50:49,Entrance 1,Entrance 1,1
male,06.09.2025 17:45:24,06.09.2025 17:51:03,Entrance 1,Entrance 1,2
male,06.09.2025 17:45:43,06.09.2025 17:51:09,Entrance 1,Entrance 1,2
male,06.09.2025 17:44:07,06.09.2025 17:51:59,Entrance 2,Entrance 2,1
female,06.09.2025 17:43:57,06.09.2025 17:52:22,Entrance 2,Entrance 2,1
car,06.09.2025 16:09:51,06.09.2025 17:52:48,None,None,1
car,06.09.2025 15:33:00,06.09.2025 17:52:53,None,None,2
female,06.09.2025 17:45:10,06.09.2025 17:53:32,Entrance 1,None,1
male,06.09.2025 17:48:12,06.09.2025 17:54:06,Entrance 1,Entrance 1,1
female,06.09.2025 17:48:52,06.09.2025 17:54:18,Entrance 1,Entrance 2,1
male,06.09.2025 17:53:28,06.09.2025 17:57:11,Entrance 2,Entrance 2,1
female,06.09.2025 17:55:39,06.09.2025 17:59:38,Entrance 2,Entrance 1,1
female,06.09.2025 17:54:06,06.09.2025 18:00:21,Entrance 2,Entrance 1,1
female,06.09.2025 17:54:44,06.09.2025 18:00:57,Entrance 1,Entrance 1,2
male,06.09.2025 17:56:22,06.09.2025 18:01:30,Entrance 1,Entrance 2,1
female,06.09.2025 17:57:08,06.09.2025 18:02:28,Entrance 2,Entrance 1,1
car,06.09.2025 17:24:48,06.09.2025 18:02:44,None,None,1
female,06.09.2025 17:57:52,06.09.2025 18:03:05,None,Entrance 1,2
male,06.09.2025 17:57:00,06.09.2025 18:03:24,Entrance 1,Entrance 1,1
female,06.09.2025 17:55:34,06.09.2025 18:04:00,Entrance 1,Entrance 1,1
male,06.09.2025 18:00:58,06.09.2025 18:05:36,Entrance 1,Entrance 1,2
female,06.09.2025 17:59:55,06.09.2025 18:05:45,Entrance 1,Entrance 1,2
male,06.09.2025 18:02:27,06.09.2025 18:06:59,Entrance 1,Entrance 1,2
car,06.09.2025 17:57:11,06.09.2025 18:07:26,None,None,1
male,06.09.2025 18:03:12,06.09.2025 18:07:36,Entrance 1,Entrance 1,2
female,06.09.2025 17:59:03,06.09.2025 18:08:00,Entrance 2,Entrance 2,1
female,06.09.2025 18:03:32,06.09.2025 18:08:03,Entrance 1,Entrance 1,2
male,06.09.2025 18:04:43,06.09.2025 18:08:21,None,Entrance 1,2
car,06.09.2025 15:58:35,06.09.2025 18:08:27,None,None,2
male,06.09.2025 18:06:19,06.09.2025 18:12:22,Entrance 1,Entrance 1,2
male,06.09.2025 18:09:49,06.09.2025 18:12:49,Entrance 1,Entrance 1,2
male,06.09.2025 18:05:06,06.09.2025 18:13:11,Entrance 1,Entrance 1,2
male,06.09.2025 18:11:27,06.09.2025 18:14:27,None,Entrance 1,2
male,06.09.2025 18:08:45,06.09.2025 18:15:16,Entrance 1,Entrance 1,2
male,06.09.2025 18:06:43,06.09.2025 18:16:43,Entrance 1,Entrance 1,2
male,06.09.2025 18:11:37,06.09.2025 18:16:49,Entrance 1,Entrance 1,2
male,06.09.2025 18:10:17,06.09.2025 18:17:18,Entrance 1,Entrance 1,2
male,06.09.2025 18:14:05,06.09.2025 18:18:08,Entrance 1,Entrance 1,2
car,06.09.2025 16:54:44,06.09.2025 18:19:03,None,None,1
female,06.09.2025 18:15:04,06.09.2025 18:20:03,Entrance 1,Entrance 1,2
male,06.09.2025 18:16:54,06.09.2025 18:21:06,Entrance 1,None,2
female,06.09.2025 18:15:48,06.09.2025 18:21:08,Entrance 1,Entrance 1,2
female,06.09.2025 18:18:48,06.09.2025 18:21:48,None,Entrance 1,2
male,06.09.2025 18:12:50,06.09.2025 18:21:49,Entrance 1,Entrance 1,2
male,06.09.2025 18:18:47,06.09.2025 18:22:01,Entrance 1,Entrance 1,1
male,06.09.2025 18:13:54,06.09.2025 18:22:25,Entrance 1,Entrance 1,2
male,06.09.2025 18:14:01,06.09.2025 18:23:03,Entrance 1,None,2
female,06.09.2025 18:16:06,06.09.2025 18:23:24,Entrance 1,Entrance 1,2
car,06.09.2025 17:03:45,06.09.2025 18:23:27,None,None,1
male,06.09.2025 18:19:00,06.09.2025 18:23:44,Entrance 2,Entrance 1,1
male,06.09.2025 18:20:42,06.09.2025 18:24:18,Entrance 1,Entrance 1,1
male,06.09.2025 18:22:26,06.09.2025 18:25:26,None,Entrance 2,1
male,06.09.2025 18:20:12,06.09.2025 18:25:36,Entrance 1,Entrance 2,1
male,06.09.2025 18:22:39,06.09.2025 18:26:29,Entrance 1,Entrance 1,1
male,06.09.2025 18:23:37,06.09.2025 18:26:37,Entrance 1,Entrance 2,1
male,06.09.2025 18:21:41,06.09.2025 18:26:57,Entrance 1,Entrance 1,1
female,06.09.2025 18:22:23,06.09.2025 18:27:28,Entrance 1,Entrance 1,1
female,06.09.2025 18:23:42,06.09.2025 18:27:39,None,Entrance 1,1
male,06.09.2025 18:23:40,06.09.2025 18:27:53,Entrance 1,Entrance 1,1
male,06.09.2025 18:22:42,06.09.2025 18:28:01,Entrance 1,Entrance 1,1
male,06.09.2025 18:20:47,06.09.2025 18:28:04,Entrance 1,None,2
female,06.09.2025 18:22:09,06.09.2025 18:28:10,Entrance 1,Entrance 1,1
female,06.09.2025 18:23:45,06.09.2025 18:28:12,Entrance 1,Entrance 1,1
female,06.09.2025 18:18:54,06.09.2025 18:28:23,Entrance 2,Entrance 2,1
female,06.09.2025 18:23:03,06.09.2025 18:28:32,Entrance 1,Entrance 1,2
male,06.09.2025 18:22:09,06.09.2025 18:29:15,Entrance 1,Entrance 1,2
female,06.09.2025 18:25:17,06.09.2025 18:29:41,Entrance 1,Entrance 1,1
male,06.09.2025 18:22:16,06.09.2025 18:30:07,Entrance 2,Entrance 2,1
female,06.09.2025 18:24:18,06.09.2025 18:30:08,Entrance 1,Entrance 1,1
female,06.09.2025 18:27:33,06.09.2025 18:30:33,Entrance 1,Entrance 1,1
male,06.09.2025 18:21:54,06.09.2025 18:30:36,Entrance 1,Entrance 1,2
male,06.09.2025 18:20:50,06.09.2025 18:30:43,Entrance 2,Entrance 2,1
female,06.09.2025 18:23:40,06.09.2025 18:30:51,Entrance 2,Entrance 1,1
male,06.09.2025 18:22:48,06.09.2025 18:30:58,Entrance 1,Entrance 1,1
female,06.09.2025 18:22:24,06.09.2025 18:31:20,Entrance 2,Entrance 1,1
male,06.09.2025 18:21:41,06.09.2025 18:31:41,Entrance 2,Entrance 2,1
female,06.09.2025 18:24:17,06.09.2025 18:31:41,Entrance 1,Entrance 1,2
male,06.09.2025 18:22:03,06.09.2025 18:31:44,Entrance 1,Entrance 1,2
male,06.09.2025 18:22:30,06.09.2025 18:31:47,Entrance 2,Entrance 1,1
female,06.09.2025 18:27:27,06.09.2025 18:32:55,Entrance 1,Entrance 2,1
male,06.09.2025 18:26:49,06.09.2025 18:33:13,Entrance 1,Entrance 1,1
male,06.09.2025 18:23:57,06.09.2025 18:33:57,Entrance 2,Entrance 1,1
male,06.09.2025 18:30:01,06.09.2025 18:34:12,Entrance 1,Entrance 1,2
female,06.09.2025 18:28:01,06.09.2025 18:34:16,Entrance 1,None,1
female,06.09.2025 18:27:14,06.09.2025 18:34:30,Entrance 2,Entrance 2,1
female,06.09.2025 18:29:48,06.09.2025 18:34:54,Entrance 1,Entrance 1,1
female,06.09.2025 18:27:18,06.09.2025 18:35:01,Entrance 1,Entrance 1,2
male,06.09.2025 18:29:44,06.09.2025 18:35:18,Entrance 2,Entrance 1,1
female,06.09.2025 18:31:57,06.09.2025 18:35:42,Entrance 1,Entrance 2,1
male,06.09.2025 18:32:55,06.09.2025 18:35:55,Entrance 1,Entrance 1,1
female,06.09.2025 18:30:23,06.09.2025 18:36:01,Entrance 1,Entrance 1,2
male,06.09.2025 18:32:44,06.09.2025 18:36:07,Entrance 1,None,1
male,06.09.2025 18:33:20,06.09.2025 18:37:48,Entrance 2,Entrance 1,1
male,06.09.2025 18:33:56,06.09.2025 18:38:01,None,None,2
female,06.09.2025 18:28:55,06.09.2025 18:38:36,Entrance 1,Entrance 1,1
male,06.09.2025 18:33:00,06.09.2025 18:38:58,Entrance 1,Entrance 1,2
female,06.09.2025 18:33:27,06.09.2025 18:39:38,Entrance 2,Entrance 2,1
male,06.09.2025 18:36:17,06.09.2025 18:39:56,Entrance 1,Entrance 2,1
male,06.09.2025 18:33:39,06.09.2025 18:40:01,Entrance 1,Entrance 1,1
male,06.09.2025 18:35:16,06.09.2025 18:40:04,Entrance 1,Entrance 1,2
female,06.09.2025 18:37:37,06.09.2025 18:40:37,None,Entrance 1,2
male,06.09.2025 18:35:52,06.09.2025 18:40:45,Entrance 2,Entrance 2,1
female,06.09.2025 18:37:56,06.09.2025 18:40:56,Entrance 1,Entrance 2,1
female,06.09.2025 18:37:23,06.09.2025 18:41:26,Entrance 1,Entrance 1,2
male,06.09.2025 18:34:43,06.09.2025 18:41:48,Entrance 1,Entrance 2,1
male,06.09.2025 18:38:52,06.09.2025 18:42:36,Entrance 2,Entrance 1,1
female,06.09.2025 18:38:37,06.09.2025 18:43:01,Entrance 1,Entrance 1,1
female,06.09.2025 18:37:53,06.09.2025 18:43:55,Entrance 1,Entrance 1,2
male,06.09.2025 18:38:34,06.09.2025 18:44:15,Entrance 2,Entrance 2,1
male,06.09.2025 18:40:51,06.09.2025 18:44:38,Entrance 1,None,1
female,06.09.2025 18:36:53,06.09.2025 18:44:40,Entrance 1,Entrance 1,1
male,06.09.2025 18:41:53,06.09.2025 18:44:53,None,Entrance 1,2
male,06.09.2025 18:36:04,06.09.2025 18:44:54,Entrance 1,Entrance 1,2
female,06.09.2025 18:39:04,06.09.2025 18:45:47,Entrance 2,Entrance 2,1
male,06.09.2025 18:40:05,06.09.2025 18:46:19,Entrance 1,Entrance 1,1
male,06.09.2025 18:41:45,06.09.2025 18:46:25,Entrance 1,Entrance 1,2
female,06.09.2025 18:41:26,06.09.2025 18:46:37,Entrance 1,Entrance 1,2
car,06.09.2025 17:23:42,06.09.2025 18:46:38,None,None,1
male,06.09.2025 18:40:36,06.09.2025 18:46:50,Entrance 2,Entrance 1,1
male,06.09.2025 18:44:20,06.09.2025 18:47:20,Entrance 1,Entrance 1,1
male,06.09.2025 18:42:01,06.09.2025 18:47:32,Entrance 1,Entrance 1,1
female,06.09.2025 18:42:04,06.09.2025 18:47:43,Entrance 1,None,2
male,06.09.2025 18:46:38,06.09.2025 18:49:38,None,Entrance 1,1
male,06.09.2025 18:46:57,06.09.2025 18:49:57,Entrance 1,Entrance 1,1
car,06.09.2025 16:10:32,06.09.2025 18:50:09,None,None,1
male,06.09.2025 18:43:10,06.09.2025 18:50:28,Entrance 1,Entrance 1,1
car,06.09.2025 16:15:26,06.09.2025 18:51:14,None,None,2
female,06.09.2025 18:41:56,06.09.2025 18:51:56,Entrance 1,Entrance 1,2
male,06.09.2025 18:46:57,06.09.2025 18:51:57,Entrance 1,Entrance 1,2
male,06.09.2025 18:46:45,06.09.2025 18:52:08,Entrance 1,Entrance 1,1
female,06.09.2025 18:47:26,06.09.2025 18:52:16,Entrance 1,Entrance 1,1
male,06.09.2025 18:49:55,06.09.2025 18:52:55,Entrance 1,Entrance 2,1
female,06.09.2025 18:47:25,06.09.2025 18:53:25,Entrance 1,Entrance 1,2
female,06.09.2025 18:49:26,06.09.2025 18:54:41,Entrance 1,Entrance 1,2
male,06.09.2025 18:51:09,06.09.2025 18:55:03,Entrance 1,Entrance 2,1
male,06.09.2025 18:45:07,06.09.2025 18:55:07,Entrance 1,Entrance 1,2
female,06.09.2025 18:50:14,06.09.2025 18:55:47,Entrance 2,Entrance 2,1
male,06.09.2025 18:51:19,06.09.2025 18:55:52,Entrance 1,Entrance 1,2
male,06.09.2025 18:52:13,06.09.2025 18:56:19,Entrance 1,Entrance 2,1
male,06.09.2025 18:51:04,06.09.2025 18:56:22,Entrance 1,Entrance 1,2
male,06.09.2025 18:53:48,06.09.2025 18:57:22,Entrance 1,Entrance 1,1
male,06.09.2025 18:53:49,06.09.2025 18:57:38,Entrance 1,Entrance 1,2
male,06.09.2025 18:52:56,06.09.2025 18:57:53,Entrance 1,Entrance 1,2
male,06.09.2025 18:52:14,06.09.2025 18:57:53,Entrance 2,Entrance 1,1
male,06.09.2025 18:50:11,06.09.2025 18:58:23,Entrance 1,Entrance 1,2
male,06.09.2025 18:53:31,06.09.2025 18:58:42,Entrance 1,Entrance 1,1
male,06.09.2025 18:50:24,06.09.2025 18:59:30,Entrance 1,Entrance 1,2
female,06.09.2025 18:54:17,06.09.2025 18:59:33,Entrance 1,Entrance 1,2
male,06.09.2025 18:55:35,06.09.2025 18:59:54,Entrance 1,Entrance 1,2
male,06.09.2025 18:51:46,06.09.2025 19:00:50,Entrance 1,None,2
male,06.09.2025 18:55:09,06.09.2025 19:00:55,Entrance 2,Entrance 2,1
female,06.09.2025 18:54:19,06.09.2025 19:00:59,Entrance 1,Entrance 1,2
female,06.09.2025 18:54:02,06.09.2025 19:01:07,Entrance 1,Entrance 1,1
male,06.09.2025 18:56:35,06.09.2025 19:01:12,Entrance 1,Entrance 1,1
male,06.09.2025 18:57:40,06.09.2025 19:01:24,Entrance 1,Entrance 1,2
male,06.09.2025 18:54:50,06.09.2025 19:01:36,Entrance 1,Entrance 1,2
male,06.09.2025 18:57:56,06.09.2025 19:01:41,None,None,1
male,06.09.2025 18:58:20,06.09.2025 19:02:00,Entrance 1,None,2
male,06.09.2025 18:59:10,06.09.2025 19:02:16,Entrance 1,Entrance 2,1
male,06.09.2025 18:56:53,06.09.2025 19:02:34,Entrance 1,Entrance 1,2
female,06.09.2025 18:56:09,06.09.2025 19:03:17,Entrance 2,Entrance 1,1
female,06.09.2025 18:59:50,06.09.2025 19:03:23,None,Entrance 1,1
male,06.09.2025 18:57:55,06.09.2025 19:03:37,Entrance 1,Entrance 1,2
female,06.09.2025 18:57:33,06.09.2025 19:03:45,Entrance 1,Entrance 1,1
female,06.09.2025 18:53:50,06.09.2025 19:03:50,Entrance 1,Entrance 1,1
male,06.09.2025 18:56:10,06.09.2025 19:04:16,Entrance 2,None,1
male,06.09.2025 18:56:23,06.09.2025 19:04:24,Entrance 1,Entrance 1,2
female,06.09.2025 19:00:50,06.09.2025 19:04:42,Entrance 1,Entrance 1,2
female,06.09.2025 18:58:23,06.09.2025 19:04:50,Entrance 2,Entrance 2,1
male,06.09.2025 18:56:30,06.09.2025 19:05:51,Entrance 1,Entrance 1,2
female,06.09.2025 18:57:36,06.09.2025 19:06:35,Entrance 1,Entrance 1,2
car,06.09.2025 17:37:21,06.09.2025 19:07:34,None,None,2
female,06.09.2025 18:58:54,06.09.2025 19:08:01,Entrance 2,Entrance 1,1
male,06.09.2025 19:03:56,06.09.2025 19:08:25,Entrance 1,None,2
male,06.09.2025 18:58:50,06.09.2025 19:08:50,Entrance 1,Entrance 1,2
male,06.09.2025 19:03:39,06.09.2025 19:09:39,Entrance 1,Entrance 1,2
male,06.09.2025 19:05:34,06.09.2025 19:11:00,Entrance 1,Entrance 1,2
male,06.09.2025 19:06:47,06.09.2025 19:11:13,Entrance 1,Entrance 1,2
car,06.09.2025 18:49:53,06.09.2025 19:12:09,None,None,1
female,06.09.2025 19:08:08,06.09.2025 19:12:22,Entrance 1,Entrance 1,2
male,06.09.2025 19:07:39,06.09.2025 19:12:38,Entrance 1,Entrance 1,2
female,06.09.2025 19:06:44,06.09.2025 19:13:45,Entrance 1,Entrance 1,2
male,06.09.2025 19:09:10,06.09.2025 19:14:00,Entrance 1,Entrance 1,2
female,06.09.2025 19:09:58,06.09.2025 19:14:35,Entrance 1,Entrance 1,2
car,06.09.2025 18:09:37,06.09.2025 19:15:14,None,None,2
female,06.09.2025 19:09:57,06.09.2025 19:15:43,Entrance 1,Entrance 1,2
car,06.09.2025 17:33:31,06.09.2025 19:15:53,None,None,1
car,06.09.2025 17:03:08,06.09.2025 19:17:37,None,None,1
male,06.09.2025 19:12:08,06.09.2025 19:17:45,Entrance 1,Entrance 1,2
male,06.09.2025 19:17:53,06.09.2025 19:20:53,None,Entrance 1,2
male,06.09.2025 19:14:34,06.09.2025 19:20:57,Entrance 1,Entrance 1,2
male,06.09.2025 19:14:24,06.09.2025 19:21:10,Entrance 1,Entrance 1,2
male,06.09.2025 19:16:11,06.09.2025 19:23:08,Entrance 1,Entrance 1,2
female,06.09.2025 19:18:16,06.09.2025 19:23:36,Entrance 1,Entrance 1,1
male,06.09.2025 19:16:06,06.09.2025 19:23:37,Entrance 1,Entrance 1,2
male,06.09.2025 19:18:54,06.09.2025 19:24:09,Entrance 1,Entrance 2,1
female,06.09.2025 19:14:36,06.09.2025 19:24:36,Entrance 1,Entrance 1,2
male,06.09.2025 19:20:09,06.09.2025 19:24:56,Entrance 1,Entrance 1,1
male,06.09.2025 19:19:11,06.09.2025 19:25:27,Entrance 1,Entrance 1,2
male,06.09.2025 19:16:50,06.09.2025 19:25:30,Entrance 1,None,2
male,06.09.2025 19:19:41,06.09.2025 19:25:36,Entrance 1,Entrance 2,1
male,06.09.2025 19:22:09,06.09.2025 19:26:16,Entrance 1,Entrance 1,1
male,06.09.2025 19:22:35,06.09.2025 19:26:29,Entrance 1,Entrance 1,1
male,06.09.2025 19:22:33,06.09.2025 19:26:59,Entrance 1,Entrance 1,2
female,06.09.2025 19:23:19,06.09.2025 19:27:42,Entrance 1,Entrance 1,2
male,06.09.2025 19:22:13,06.09.2025 19:27:50,Entrance 1,Entrance 1,1
female,06.09.2025 19:23:54,06.09.2025 19:27:55,Entrance 2,Entrance 1,1
female,06.09.2025 19:21:50,06.09.2025 19:28:01,Entrance 1,Entrance 1,1
female,06.09.2025 19:18:34,06.09.2025 19:28:34,Entrance 2,Entrance 2,1
male,06.09.2025 19:20:30,06.09.2025 19:29:12,Entrance 2,None,1
female,06.09.2025 19:23:46,06.09.2025 19:29:20,Entrance 1,Entrance 1,2
male,06.09.2025 19:23:20,06.09.2025 19:29:50,Entrance 1,None,1
male,06.09.2025 19:23:15,06.09.2025 19:30:05,Entrance 1,None,1
female,06.09.2025 19:20:07,06.09.2025 19:30:07,Entrance 2,Entrance 2,1
male,06.09.2025 19:22:31,06.09.2025 19:30:43,Entrance 2,Entrance 2,1
male,06.09.2025 19:26:12,06.09.2025 19:30:45,Entrance 1,Entrance 1,1
female,06.09.2025 19:24:25,06.09.2025 19:31:10,Entrance 1,Entrance 2,1
female,06.09.2025 19:26:30,06.09.2025 19:32:02,Entrance 1,Entrance 1,2
male,06.09.2025 19:22:04,06.09.2025 19:32:04,Entrance 2,Entrance 2,1
female,06.09.2025 19:28:05,06.09.2025 19:32:07,Entrance 1,Entrance 2,1
male,06.09.2025 19:27:32,06.09.2025 19:32:20,Entrance 1,Entrance 2,1
female,06.09.2025 19:24:43,06.09.2025 19:32:25,Entrance 1,Entrance 1,2
male,06.09.2025 19:23:56,06.09.2025 19:32:42,Entrance 2,Entrance 1,1
female,06.09.2025 19:27:07,06.09.2025 19:32:49,Entrance 2,Entrance 1,1
male,06.09.2025 19:23:02,06.09.2025 19:33:02,Entrance 2,Entrance 2,1
female,06.09.2025 19:29:40,06.09.2025 19:33:17,Entrance 1,Entrance 1,1
female,06.09.2025 19:27:40,06.09.2025 19:33:22,Entrance 1,Entrance 1,1
female,06.09.2025 19:23:26,06.09.2025 19:33:26,Entrance 2,Entrance 2,1
car,06.09.2025 18:18:04,06.09.2025 19:33:41,None,None,2
male,06.09.2025 19:29:28,06.09.2025 19:33:43,Entrance 1,Entrance 2,1
male,06.09.2025 19:28:42,06.09.2025 19:33:52,Entrance 1,Entrance 2,1
male,06.09.2025 19:23:56,06.09.2025 19:33:56,Entrance 2,Entrance 1,1
female,06.09.2025 19:29:00,06.09.2025 19:34:05,Entrance 2,Entrance 1,1
male,06.09.2025 19:29:36,06.09.2025 19:34:14,Entrance 1,Entrance 1,1
car,06.09.2025 17:38:14,06.09.2025 19:34:19,None,None,1
male,06.09.2025 19:24:56,06.09.2025 19:34:56,Entrance 2,Entrance 1,1
male,06.09.2025 19:29:25,06.09.2025 19:35:12,Entrance 1,Entrance 1,2
female,06.09.2025 19:31:12,06.09.2025 19:35:33,Entrance 1,Entrance 1,1
male,06.09.2025 19:31:18,06.09.2025 19:35:47,Entrance 1,Entrance 1,2
male,06.09.2025 19:28:31,06.09.2025 19:36:36,Entrance 2,Entrance 2,1
female,06.09.2025 19:31:32,06.09.2025 19:36:48,Entrance 1,Entrance 1,2
female,06.09.2025 19:26:53,06.09.2025 19:36:53,Entrance 2,None,1
male,06.09.2025 19:31:27,06.09.2025 19:37:12,Entrance 2,Entrance 1,1
male,06.09.2025 19:31:58,06.09.2025 19:37:15,None,Entrance 1,1
male,06.09.2025 19:32:29,06.09.2025 19:37:15,Entrance 1,Entrance 1,2
female,06.09.2025 19:32:30,06.09.2025 19:37:16,Entrance 1,None,2
female,06.09.2025 19:31:17,06.09.2025 19:37:47,Entrance 2,Entrance 2,1
female,06.09.2025 19:32:14,06.09.2025 19:38:01,Entrance 1,Entrance 1,2
female,06.09.2025 19:33:08,06.09.2025 19:38:03,Entrance 1,Entrance 2,1
male,06.09.2025 19:34:20,06.09.2025 19:38:08,Entrance 1,Entrance 2,1
female,06.09.2025 19:35:24,06.09.2025 19:38:24,None,Entrance 1,2
male,06.09.2025 19:35:24,06.09.2025 19:38:50,Entrance 1,None,1
male,06.09.2025 19:33:58,06.09.2025 19:38:56,Entrance 1,Entrance 1,1
female,06.09.2025 19:31:42,06.09.2025 19:38:59,Entrance 2,Entrance 1,1
female,06.09.2025 19:33:45,06.09.2025 19:39:05,None,Entrance 2,1
male,06.09.2025 19:29:12,06.09.2025 19:39:12,Entrance 2,Entrance 1,1
male,06.09.2025 19:36:18,06.09.2025 19:39:18,Entrance 1,Entrance 1,1
male,06.09.2025 19:33:15,06.09.2025 19:39:21,Entrance 1,Entrance 1,2
male,06.09.2025 19:33:04,06.09.2025 19:39:22,Entrance 1,Entrance 1,1
female,06.09.2025 19:33:13,06.09.2025 19:39:30,Entrance 2,Entrance 2,1
male,06.09.2025 19:36:09,06.09.2025 19:39:42,Entrance 1,Entrance 1,1
male,06.09.2025 19:36:49,06.09.2025 19:39:52,Entrance 1,Entrance 2,1
female,06.09.2025 19:30:51,06.09.2025 19:40:05,Entrance 2,Entrance 1,1
male,06.09.2025 19:36:15,06.09.2025 19:40:09,Entrance 1,Entrance 2,1
male,06.09.2025 19:35:36,06.09.2025 19:40:11,Entrance 1,Entrance 1,2
female,06.09.2025 19:35:03,06.09.2025 19:40:22,Entrance 1,Entrance 2,1
male,06.09.2025 19:35:31,06.09.2025 19:40:28,Entrance 1,Entrance 2,1
car,06.09.2025 17:50:41,06.09.2025 19:40:41,None,None,1
male,06.09.2025 19:31:43,06.09.2025 19:40:55,Entrance 1,Entrance 1,2
female,06.09.2025 19:36:10,06.09.2025 19:41:00,Entrance 2,Entrance 2,1
male,06.09.2025 19:37:32,06.09.2025 19:41:50,Entrance 1,Entrance 2,1
car,06.09.2025 18:29:25,06.09.2025 19:42:44,None,None,2
male,06.09.2025 19:36:28,06.09.2025 19:43:23,Entrance 1,None,2
male,06.09.2025 19:38:34,06.09.2025 19:43:37,Entrance 1,Entrance 2,1
male,06.09.2025 19:40:13,06.09.2025 19:44:10,Entrance 1,Entrance 1,1
male,06.09.2025 19:34:44,06.09.2025 19:44:33,Entrance 2,Entrance 2,1
male,06.09.2025 19:41:56,06.09.2025 19:44:56,Entrance 1,Entrance 1,1
male,06.09.2025 19:41:24,06.09.2025 19:45:08,Entrance 1,Entrance 1,1
male,06.09.2025 19:35:53,06.09.2025 19:45:53,Entrance 2,Entrance 1,1
male,06.09.2025 19:40:52,06.09.2025 19:46:02,Entrance 2,Entrance 1,1
female,06.09.2025 19:42:40,06.09.2025 19:46:36,Entrance 1,None,2
male,06.09.2025 19:42:46,06.09.2025 19:46:46,Entrance 1,Entrance 2,1
male,06.09.2025 19:43:23,06.09.2025 19:46:56,Entrance 1,Entrance 1,2
male,06.09.2025 19:43:16,06.09.2025 19:47:24,Entrance 1,Entrance 1,2
male,06.09.2025 19:37:40,06.09.2025 19:47:40,Entrance 2,Entrance 1,1
male,06.09.2025 19:42:02,06.09.2025 19:48:00,Entrance 2,Entrance 1,1
female,06.09.2025 19:41:31,06.09.2025 19:48:12,Entrance 2,Entrance 1,1
male,06.09.2025 19:42:09,06.09.2025 19:48:20,Entrance 1,Entrance 2,1
female,06.09.2025 19:42:15,06.09.2025 19:48:34,Entrance 2,Entrance 2,1
male,06.09.2025 19:45:43,06.09.2025 19:48:54,Entrance 1,Entrance 1,2
female,06.09.2025 19:43:17,06.09.2025 19:49:03,Entrance 1,Entrance 1,2
female,06.09.2025 19:39:53,06.09.2025 19:49:04,Entrance 1,Entrance 1,2
male,06.09.2025 19:44:38,06.09.2025 19:49:07,Entrance 1,Entrance 2,1
male,06.09.2025 19:46:23,06.09.2025 19:49:23,Entrance 1,Entrance 1,2
car,06.09.2025 17:59:34,06.09.2025 19:49:33,None,None,1
female,06.09.2025 19:46:34,06.09.2025 19:49:34,None,Entrance 1,2
female,06.09.2025 19:40:49,06.09.2025 19:49:35,Entrance 1,None,1
male,06.09.2025 19:45:40,06.09.2025 19:49:39,Entrance 1,Entrance 2,1
female,06.09.2025 19:40:31,06.09.2025 19:49:42,Entrance 2,Entrance 1,1
male,06.09.2025 19:42:51,06.09.2025 19:50:05,Entrance 1,Entrance 1,1
male,06.09.2025 19:40:21,06.09.2025 19:50:07,Entrance 2,Entrance 1,1
male,06.09.2025 19:46:11,06.09.2025 19:50:16,Entrance 1,Entrance 2,1
male,06.09.2025 19:40:17,06.09.2025 19:50:17,Entrance 1,Entrance 1,2
male,06.09.2025 19:43:43,06.09.2025 19:50:44,Entrance 1,Entrance 1,2
male,06.09.2025 19:43:44,06.09.2025 19:50:47,Entrance 1,Entrance 1,2
male,06.09.2025 19:46:37,06.09.2025 19:50:54,Entrance 1,Entrance 1,2
female,06.09.2025 19:47:50,06.09.2025 19:51:08,Entrance 1,Entrance 1,1
male,06.09.2025 19:47:48,06.09.2025 19:51:14,Entrance 1,Entrance 1,1
male,06.09.2025 19:44:29,06.09.2025 19:51:21,Entrance 1,Entrance 1,1
car,06.09.2025 18:35:23,06.09.2025 19:51:25,None,None,1
male,06.09.2025 19:47:01,06.09.2025 19:51:34,Entrance 1,Entrance 2,1
male,06.09.2025 19:45:44,06.09.2025 19:51:34,Entrance 2,Entrance 2,1
male,06.09.2025 19:47:42,06.09.2025 19:51:47,Entrance 1,None,1
male,06.09.2025 19:42:03,06.09.2025 19:52:03,Entrance 1,Entrance 1,2
male,06.09.2025 19:42:05,06.09.2025 19:52:05,Entrance 1,Entrance 1,2
female,06.09.2025 19:47:54,06.09.2025 19:52:17,Entrance 1,Entrance 2,1
male,06.09.2025 19:46:45,06.09.2025 19:52:46,Entrance 2,Entrance 2,1
male,06.09.2025 19:43:19,06.09.2025 19:53:03,Entrance 2,Entrance 2,1
female,06.09.2025 19:48:20,06.09.2025 19:53:27,Entrance 1,Entrance 1,1
male,06.09.2025 19:43:37,06.09.2025 19:53:28,None,Entrance 2,1
female,06.09.2025 19:48:15,06.09.2025 19:53:35,Entrance 2,Entrance 1,1
female,06.09.2025 19:50:48,06.09.2025 19:54:05,None,Entrance 1,1
male,06.09.2025 19:47:56,06.09.2025 19:54:23,Entrance 2,None,1
male,06.09.2025 19:44:43,06.09.2025 19:54:43,Entrance 2,Entrance 1,1
male,06.09.2025 19:51:36,06.09.2025 19:55:13,Entrance 1,Entrance 1,2
female,06.09.2025 19:49:32,06.09.2025 19:55:28,Entrance 1,Entrance 1,2
male,06.09.2025 19:48:23,06.09.2025 19:56:02,Entrance 1,Entrance 1,2
female,06.09.2025 19:52:07,06.09.2025 19:57:39,Entrance 2,Entrance 2,1
female,06.09.2025 19:54:44,06.09.2025 19:57:52,None,Entrance 1,2
male,06.09.2025 19:50:01,06.09.2025 19:57:57,Entrance 1,Entrance 1,1
male,06.09.2025 19:52:08,06.09.2025 19:58:33,Entrance 1,Entrance 1,1
female,06.09.2025 19:51:36,06.09.2025 19:58:34,Entrance 2,Entrance 1,1
female,06.09.2025 19:49:18,06.09.2025 19:58:51,Entrance 2,Entrance 1,1
female,06.09.2025 19:53:46,06.09.2025 19:59:05,Entrance 2,Entrance 1,1
female,06.09.2025 19:54:15,06.09.2025 19:59:10,Entrance 1,Entrance 2,1
male,06.09.2025 19:51:51,06.09.2025 19:59:31,Entrance 2,Entrance 1,1
male,06.09.2025 19:56:36,06.09.2025 19:59:36,None,Entrance 1,2
male,06.09.2025 19:56:17,06.09.2025 20:01:06,Entrance 2,Entrance 2,1
male,06.09.2025 19:53:53,06.09.2025 20:01:10,Entrance 1,None,2
male,06.09.2025 19:56:47,06.09.2025 20:01:27,None,None,2
male,06.09.2025 19:55:13,06.09.2025 20:01:28,Entrance 2,Entrance 2,1
male,06.09.2025 19:58:27,06.09.2025 20:02:10,Entrance 1,Entrance 1,2
female,06.09.2025 19:55:48,06.09.2025 20:02:11,Entrance 1,Entrance 1,2
car,06.09.2025 19:27:23,06.09.2025 20:02:23,None,None,1
female,06.09.2025 19:56:22,06.09.2025 20:02:26,Entrance 1,None,2
female,06.09.2025 19:54:40,06.09.2025 20:03:13,Entrance 1,None,2
female,06.09.2025 19:59:30,06.09.2025 20:03:17,Entrance 1,None,2
female,06.09.2025 19:54:35,06.09.2025 20:03:42,Entrance 1,None,1
female,06.09.2025 19:55:24,06.09.2025 20:03:53,Entrance 1,Entrance 1,2
male,06.09.2025 19:57:24,06.09.2025 20:04:12,Entrance 1,Entrance 1,1
female,06.09.2025 19:57:15,06.09.2025 20:04:33,Entrance 1,Entrance 1,2
car,06.09.2025 17:46:38,06.09.2025 20:05:11,None,None,1
female,06.09.2025 19:58:46,06.09.2025 20:05:12,Entrance 1,Entrance 1,1
male,06.09.2025 20:01:16,06.09.2025 20:06:55,Entrance 1,Entrance 1,2
male,06.09.2025 20:00:37,06.09.2025 20:07:40,Entrance 1,Entrance 1,2
female,06.09.2025 19:59:47,06.09.2025 20:07:53,Entrance 2,Entrance 2,1
male,06.09.2025 20:00:43,06.09.2025 20:07:56,Entrance 1,Entrance 1,2
male,06.09.2025 19:58:20,06.09.2025 20:08:20,Entrance 2,Entrance 2,1
male,06.09.2025 19:58:39,06.09.2025 20:08:39,Entrance 1,Entrance 2,1
male,06.09.2025 20:01:38,06.09.2025 20:09:09,Entrance 1,Entrance 1,2
male,06.09.2025 20:02:19,06.09.2025 20:09:14,Entrance 1,Entrance 1,2
female,06.09.2025 20:05:40,06.09.2025 20:09:24,Entrance 1,Entrance 1,2
female,06.09.2025 20:02:48,06.09.2025 20:12:04,Entrance 1,Entrance 1,2
female,06.09.2025 20:02:57,06.09.2025 20:12:09,Entrance 1,Entrance 1,2
male,06.09.2025 20:06:40,06.09.2025 20:12:40,None,Entrance 1,2
car,06.09.2025 19:32:14,06.09.2025 20:12:59,None,None,2
male,06.09.2025 20:08:42,06.09.2025 20:13:00,Entrance 1,Entrance 1,2
female,06.09.2025 20:09:19,06.09.2025 20:14:02,Entrance 1,Entrance 1,2
female,06.09.2025 20:05:03,06.09.2025 20:14:17,Entrance 1,Entrance 1,2
male,06.09.2025 20:11:53,06.09.2025 20:14:53,None,Entrance 1,2
male,06.09.2025 20:12:07,06.09.2025 20:15:28,None,Entrance 1,2
male,06.09.2025 20:10:28,06.09.2025 20:15:35,Entrance 1,Entrance 1,2
female,06.09.2025 20:08:32,06.09.2025 20:16:56,Entrance 1,Entrance 1,2
male,06.09.2025 20:10:52,06.09.2025 20:18:28,Entrance 1,None,2
female,06.09.2025 20:15:47,06.09.2025 20:18:57,Entrance 1,Entrance 1,2
male,06.09.2025 20:12:31,06.09.2025 20:18:57,Entrance 1,Entrance 1,2
male,06.09.2025 20:16:22,06.09.2025 20:19:34,Entrance 1,Entrance 1,2
car,06.09.2025 19:22:54,06.09.2025 20:19:50,None,None,1
car,06.09.2025 18:32:58,06.09.2025 20:19:51,None,None,1
female,06.09.2025 20:15:47,06.09.2025 20:20:00,Entrance 1,Entrance 1,2
female,06.09.2025 20:11:33,06.09.2025 20:21:00,Entrance 1,Entrance 1,2
male,06.09.2025 20:18:26,06.09.2025 20:21:26,Entrance 1,Entrance 2,1
male,06.09.2025 20:19:51,06.09.2025 20:22:51,Entrance 1,Entrance 1,1
female,06.09.2025 20:19:57,06.09.2025 20:23:12,Entrance 1,Entrance 2,1
male,06.09.2025 20:17:55,06.09.2025 20:24:23,Entrance 1,None,2
male,06.09.2025 20:19:42,06.09.2025 20:24:37,Entrance 1,Entrance 1,1
female,06.09.2025 20:18:23,06.09.2025 20:25:02,None,Entrance 1,1
female,06.09.2025 20:20:39,06.09.2025 20:25:18,Entrance 2,Entrance 2,1
female,06.09.2025 20:22:24,06.09.2025 20:25:24,Entrance 1,Entrance 1,1
male,06.09.2025 20:20:07,06.09.2025 20:25:46,Entrance 1,Entrance 1,1
male,06.09.2025 20:23:12,06.09.2025 20:26:12,Entrance 1,Entrance 2,1
male,06.09.2025 20:22:08,06.09.2025 20:27:38,Entrance 2,Entrance 1,1
male,06.09.2025 20:20:09,06.09.2025 20:28:03,Entrance 1,Entrance 1,2
female,06.09.2025 20:20:18,06.09.2025 20:28:18,Entrance 2,Entrance 1,1
male,06.09.2025 20:22:26,06.09.2025 20:28:57,Entrance 2,Entrance 1,1
female,06.09.2025 20:24:58,06.09.2025 20:29:28,Entrance 1,Entrance 1,1
male,06.09.2025 20:25:28,06.09.2025 20:29:40,Entrance 2,None,1
female,06.09.2025 20:26:26,06.09.2025 20:31:45,Entrance 2,Entrance 1,1
male,06.09.2025 20:26:53,06.09.2025 20:31:46,Entrance 1,Entrance 2,1
male,06.09.2025 20:29:17,06.09.2025 20:32:29,Entrance 1,Entrance 1,2
female,06.09.2025 20:28:02,06.09.2025 20:32:42,None,Entrance 1,2
female,06.09.2025 20:26:23,06.09.2025 20:32:42,Entrance 2,None,1
male,06.09.2025 20:25:56,06.09.2025 20:33:06,Entrance 2,Entrance 1,1
male,06.09.2025 20:23:28,06.09.2025 20:33:06,Entrance 2,Entrance 1,1
male,06.09.2025 20:26:24,06.09.2025 20:33:12,Entrance 1,Entrance 1,1
female,06.09.2025 20:28:30,06.09.2025 20:33:13,Entrance 1,Entrance 2,1
female,06.09.2025 20:28:56,06.09.2025 20:33:15,None,Entrance 2,1
male,06.09.2025 20:26:44,06.09.2025 20:33:27,Entrance 2,Entrance 1,1
male,06.09.2025 20:24:52,06.09.2025 20:33:43,Entrance 1,Entrance 1,2
female,06.09.2025 20:27:25,06.09.2025 20:34:01,Entrance 1,Entrance 1,2
female,06.09.2025 20:30:28,06.09.2025 20:34:09,Entrance 2,Entrance 1,1
female,06.09.2025 20:24:15,06.09.2025 20:34:12,Entrance 1,Entrance 1,2
male,06.09.2025 20:31:06,06.09.2025 20:34:24,Entrance 1,Entrance 1,1
female,06.09.2025 20:31:24,06.09.2025 20:34:24,None,Entrance 1,2
male,06.09.2025 20:28:46,06.09.2025 20:34:58,Entrance 1,Entrance 1,1
female,06.09.2025 20:30:14,06.09.2025 20:35:06,Entrance 1,Entrance 1,2
female,06.09.2025 20:30:21,06.09.2025 20:35:24,Entrance 1,Entrance 1,2
male,06.09.2025 20:32:27,06.09.2025 20:35:27,Entrance 1,Entrance 1,1
female,06.09.2025 20:27:47,06.09.2025 20:36:03,Entrance 1,Entrance 2,1
male,06.09.2025 20:28:31,06.09.2025 20:36:23,Entrance 1,Entrance 1,2
male,06.09.2025 20:32:34,06.09.2025 20:36:25,None,Entrance 1,2
male,06.09.2025 20:28:57,06.09.2025 20:36:52,Entrance 1,Entrance 1,2
female,06.09.2025 20:31:36,06.09.2025 20:37:44,Entrance 2,Entrance 1,1
male,06.09.2025 20:33:59,06.09.2025 20:37:52,Entrance 1,Entrance 1,2
female,06.09.2025 20:34:08,06.09.2025 20:38:24,Entrance 1,Entrance 2,1
female,06.09.2025 20:30:51,06.09.2025 20:38:24,Entrance 2,Entrance 2,1
car,06.09.2025 19:41:59,06.09.2025 20:38:38,None,None,1
male,06.09.2025 20:34:10,06.09.2025 20:38:57,Entrance 2,Entrance 2,1
car,06.09.2025 18:41:22,06.09.2025 20:39:01,None,None,1
male,06.09.2025 20:31:41,06.09.2025 20:39:01,Entrance 2,Entrance 1,1
male,06.09.2025 20:35:02,06.09.2025 20:39:05,Entrance 1,Entrance 2,1
male,06.09.2025 20:30:31,06.09.2025 20:40:20,Entrance 1,Entrance 1,2
car,06.09.2025 19:33:49,06.09.2025 20:40:43,None,None,2
car,06.09.2025 20:03:23,06.09.2025 20:40:46,None,None,2
female,06.09.2025 20:33:57,06.09.2025 20:40:49,Entrance 1,Entrance 1,2
male,06.09.2025 20:34:24,06.09.2025 20:40:57,Entrance 2,None,1
male,06.09.2025 20:35:42,06.09.2025 20:41:20,Entrance 1,Entrance 1,2
male,06.09.2025 20:34:07,06.09.2025 20:42:07,Entrance 1,Entrance 1,2
male,06.09.2025 20:35:17,06.09.2025 20:42:59,Entrance 1,Entrance 1,2
car,06.09.2025 19:55:47,06.09.2025 20:43:13,None,None,1
male,06.09.2025 20:38:27,06.09.2025 20:43:13,Entrance 1,Entrance 1,1
male,06.09.2025 20:37:26,06.09.2025 20:43:18,Entrance 1,Entrance 1,1
male,06.09.2025 20:37:23,06.09.2025 20:43:32,Entrance 2,Entrance 2,1
female,06.09.2025 20:41:12,06.09.2025 20:44:13,Entrance 1,Entrance 1,2
male,06.09.2025 20:38:57,06.09.2025 20:44:36,Entrance 1,None,1
male,06.09.2025 20:38:28,06.09.2025 20:44:49,Entrance 1,Entrance 1,2
female,06.09.2025 20:37:28,06.09.2025 20:44:49,Entrance 1,Entrance 1,2
female,06.09.2025 20:37:05,06.09.2025 20:44:54,Entrance 1,Entrance 1,2
female,06.09.2025 20:37:45,06.09.2025 20:45:03,Entrance 1,Entrance 1,2
male,06.09.2025 20:42:04,06.09.2025 20:45:04,Entrance 1,Entrance 1,1
male,06.09.2025 20:42:13,06.09.2025 20:45:13,Entrance 1,Entrance 1,2
male,06.09.2025 20:36:53,06.09.2025 20:45:17,Entrance 1,Entrance 1,2
male,06.09.2025 20:41:43,06.09.2025 20:45:34,Entrance 1,Entrance 1,1
female,06.09.2025 20:37:19,06.09.2025 20:45:56,Entrance 1,Entrance 2,1
car,06.09.2025 20:09:06,06.09.2025 20:46:01,None,None,1
male,06.09.2025 20:42:39,06.09.2025 20:46:09,Entrance 1,Entrance 1,1
female,06.09.2025 20:42:34,06.09.2025 20:46:16,Entrance 1,Entrance 2,1
male,06.09.2025 20:36:54,06.09.2025 20:46:42,Entrance 2,Entrance 1,1
male,06.09.2025 20:38:34,06.09.2025 20:47:01,Entrance 1,Entrance 1,2
male,06.09.2025 20:40:20,06.09.2025 20:47:09,Entrance 2,Entrance 1,1
male,06.09.2025 20:41:16,06.09.2025 20:47:27,Entrance 2,Entrance 2,1
male,06.09.2025 20:40:18,06.09.2025 20:47:27,Entrance 1,Entrance 1,1
car,06.09.2025 19:58:29,06.09.2025 20:47:28,None,None,1
female,06.09.2025 20:38:04,06.09.2025 20:47:31,Entrance 2,Entrance 2,1
male,06.09.2025 20:41:29,06.09.2025 20:47:46,Entrance 2,Entrance 1,1
female,06.09.2025 20:42:29,06.09.2025 20:48:07,Entrance 1,Entrance 1,2
male,06.09.2025 20:39:34,06.09.2025 20:49:00,Entrance 1,Entrance 2,1
male,06.09.2025 20:44:41,06.09.2025 20:49:02,Entrance 1,Entrance 1,2
male,06.09.2025 20:45:01,06.09.2025 20:49:15,None,Entrance 1,2
male,06.09.2025 20:44:44,06.09.2025 20:49:22,Entrance 1,Entrance 2,1
male,06.09.2025 20:44:56,06.09.2025 20:50:37,Entrance 2,Entrance 2,1
female,06.09.2025 20:42:28,06.09.2025 20:50:43,None,Entrance 2,1
male,06.09.2025 20:46:44,06.09.2025 20:51:28,Entrance 1,Entrance 2,1
male,06.09.2025 20:46:30,06.09.2025 20:51:52,Entrance 1,Entrance 1,2
male,06.09.2025 20:47:13,06.09.2025 20:51:58,Entrance 1,None,1
male,06.09.2025 20:48:41,06.09.2025 20:52:21,Entrance 1,None,2
female,06.09.2025 20:42:35,06.09.2025 20:52:35,Entrance 2,Entrance 1,1
male,06.09.2025 20:47:39,06.09.2025 20:53:26,Entrance 1,Entrance 1,1
male,06.09.2025 20:43:38,06.09.2025 20:53:38,Entrance 1,Entrance 2,1
male,06.09.2025 20:48:30,06.09.2025 20:53:50,Entrance 1,Entrance 1,2
male,06.09.2025 20:47:57,06.09.2025 20:54:13,Entrance 1,Entrance 1,1
female,06.09.2025 20:49:03,06.09.2025 20:54:33,Entrance 2,Entrance 1,1
male,06.09.2025 20:46:28,06.09.2025 20:54:33,Entrance 1,Entrance 2,1
female,06.09.2025 20:49:36,06.09.2025 20:54:36,Entrance 1,Entrance 1,2
male,06.09.2025 20:50:44,06.09.2025 20:55:15,None,Entrance 2,1
female,06.09.2025 20:50:57,06.09.2025 20:55:16,Entrance 1,Entrance 1,2
male,06.09.2025 20:49:36,06.09.2025 20:55:24,Entrance 2,Entrance 1,1
female,06.09.2025 20:50:31,06.09.2025 20:55:52,Entrance 1,Entrance 1,2
female,06.09.2025 20:51:24,06.09.2025 20:56:12,Entrance 1,Entrance 1,2
male,06.09.2025 20:53:31,06.09.2025 20:56:31,None,Entrance 1,1
female,06.09.2025 20:49:22,06.09.2025 20:56:51,Entrance 1,Entrance 1,2
female,06.09.2025 20:46:59,06.09.2025 20:56:59,Entrance 2,Entrance 1,1
car,06.09.2025 20:02:31,06.09.2025 20:57:19,None,None,2
male,06.09.2025 20:53:09,06.09.2025 20:57:56,Entrance 1,Entrance 1,1
female,06.09.2025 20:48:19,06.09.2025 20:57:59,Entrance 2,Entrance 2,1
female,06.09.2025 20:53:17,06.09.2025 20:58:33,Entrance 2,Entrance 1,1
female,06.09.2025 20:55:37,06.09.2025 20:58:54,Entrance 1,Entrance 1,2
female,06.09.2025 20:50:18,06.09.2025 20:59:03,Entrance 2,Entrance 1,1
male,06.09.2025 20:53:54,06.09.2025 20:59:44,Entrance 1,Entrance 2,1
male,06.09.2025 20:51:46,06.09.2025 20:59:49,Entrance 2,Entrance 2,1
male,06.09.2025 20:55:09,06.09.2025 21:00:04,Entrance 2,Entrance 2,1
male,06.09.2025 20:57:56,06.09.2025 21:00:56,None,Entrance 2,1
car,06.09.2025 20:11:41,06.09.2025 21:01:09,None,None,2
male,06.09.2025 20:57:07,06.09.2025 21:01:15,Entrance 1,None,1
male,06.09.2025 20:51:26,06.09.2025 21:01:26,Entrance 2,Entrance 1,1
male,06.09.2025 20:52:15,06.09.2025 21:01:29,Entrance 2,Entrance 1,1
male,06.09.2025 20:56:48,06.09.2025 21:01:36,Entrance 2,Entrance 2,1
female,06.09.2025 20:53:54,06.09.2025 21:01:58,Entrance 2,Entrance 1,1
male,06.09.2025 20:57:03,06.09.2025 21:02:10,Entrance 2,Entrance 1,1
female,06.09.2025 20:59:14,06.09.2025 21:02:14,None,Entrance 1,2
female,06.09.2025 20:53:19,06.09.2025 21:03:19,Entrance 1,Entrance 1,2
female,06.09.2025 20:56:44,06.09.2025 21:03:20,Entrance 1,Entrance 2,1
female,06.09.2025 20:56:10,06.09.2025 21:03:47,None,Entrance 1,2
car,06.09.2025 20:13:06,06.09.2025 21:03:48,None,None,1
male,06.09.2025 20:59:27,06.09.2025 21:04:11,Entrance 1,Entrance 2,1
female,06.09.2025 20:57:33,06.09.2025 21:04:43,Entrance 1,Entrance 1,2
female,06.09.2025 20:59:00,06.09.2025 21:04:44,Entrance 1,Entrance 1,2
male,06.09.2025 20:58:57,06.09.2025 21:05:24,Entrance 2,Entrance 2,1
male,06.09.2025 20:58:48,06.09.2025 21:05:54,Entrance 1,Entrance 1,1
female,06.09.2025 21:00:01,06.09.2025 21:06:48,Entrance 1,Entrance 1,2
male,06.09.2025 20:59:06,06.09.2025 21:07:21,Entrance 1,None,2
male,06.09.2025 21:01:15,06.09.2025 21:08:31,Entrance 1,Entrance 1,2
male,06.09.2025 21:03:53,06.09.2025 21:09:06,Entrance 1,Entrance 1,2
female,06.09.2025 20:59:48,06.09.2025 21:09:48,Entrance 1,Entrance 1,1
female,06.09.2025 21:06:30,06.09.2025 21:11:17,Entrance 1,Entrance 1,2
car,06.09.2025 19:34:38,06.09.2025 21:13:27,None,None,2
car,06.09.2025 20:18:08,06.09.2025 21:14:14,None,None,1
male,06.09.2025 21:12:21,06.09.2025 21:15:59,Entrance 1,Entrance 1,2
male,06.09.2025 21:10:41,06.09.2025 21:16:00,Entrance 1,Entrance 1,2
male,06.09.2025 21:12:02,06.09.2025 21:17:34,Entrance 1,Entrance 1,2
car,06.09.2025 19:17:56,06.09.2025 21:17:55,None,None,2
male,06.09.2025 21:09:14,06.09.2025 21:19:14,Entrance 1,Entrance 1,2
female,06.09.2025 21:12:40,06.09.2025 21:19:14,Entrance 1,Entrance 1,2
female,06.09.2025 21:13:14,06.09.2025 21:19:22,Entrance 1,Entrance 1,2
male,06.09.2025 21:14:03,06.09.2025 21:19:54,Entrance 1,Entrance 1,2
female,06.09.2025 21:16:32,06.09.2025 21:20:14,Entrance 1,Entrance 1,2
car,06.09.2025 20:15:46,06.09.2025 21:20:26,None,None,1
male,06.09.2025 21:13:57,06.09.2025 21:21:46,Entrance 1,Entrance 1,2
male,06.09.2025 21:13:44,06.09.2025 21:21:56,Entrance 1,Entrance 1,2
male,06.09.2025 21:19:13,06.09.2025 21:24:40,Entrance 1,Entrance 1,1
female,06.09.2025 21:21:46,06.09.2025 21:24:46,None,Entrance 1,2
female,06.09.2025 21:19:48,06.09.2025 21:24:52,Entrance 2,Entrance 1,1
female,06.09.2025 21:16:08,06.09.2025 21:26:08,Entrance 1,Entrance 1,2
female,06.09.2025 21:21:50,06.09.2025 21:26:20,None,Entrance 1,2
female,06.09.2025 21:23:08,06.09.2025 21:26:48,Entrance 1,Entrance 2,1
male,06.09.2025 21:22:45,06.09.2025 21:27:41,Entrance 2,Entrance 1,1
car,06.09.2025 19:29:44,06.09.2025 21:27:46,None,None,1
female,06.09.2025 21:20:55,06.09.2025 21:27:59,Entrance 2,Entrance 2,1
male,06.09.2025 21:19:05,06.09.2025 21:28:02,Entrance 2,Entrance 1,1
male,06.09.2025 21:21:02,06.09.2025 21:28:30,Entrance 2,Entrance 1,1
male,06.09.2025 21:20:41,06.09.2025 21:30:41,Entrance 2,Entrance 1,1
car,06.09.2025 21:03:49,06.09.2025 21:31:28,None,None,2
female,06.09.2025 21:28:38,06.09.2025 21:31:45,Entrance 1,Entrance 1,1
male,06.09.2025 21:24:57,06.09.2025 21:31:57,Entrance 1,None,2
male,06.09.2025 21:27:53,06.09.2025 21:33:11,Entrance 2,Entrance 2,1
female,06.09.2025 21:28:23,06.09.2025 21:33:50,Entrance 1,Entrance 1,1
male,06.09.2025 21:29:22,06.09.2025 21:34:12,Entrance 1,Entrance 2,1
female,06.09.2025 21:27:37,06.09.2025 21:34:31,Entrance 1,Entrance 1,1
female,06.09.2025 21:24:34,06.09.2025 21:34:34,Entrance 2,Entrance 1,1
male,06.09.2025 21:29:02,06.09.2025 21:34:34,Entrance 1,None,1
male,06.09.2025 21:27:30,06.09.2025 21:35:06,Entrance 2,Entrance 1,1
female,06.09.2025 21:29:34,06.09.2025 21:35:54,Entrance 1,Entrance 2,1
male,06.09.2025 21:31:52,06.09.2025 21:36:19,Entrance 1,Entrance 1,1
male,06.09.2025 21:27:37,06.09.2025 21:36:28,Entrance 1,Entrance 2,1
male,06.09.2025 21:28:53,06.09.2025 21:37:12,Entrance 2,Entrance 2,1
male,06.09.2025 21:34:20,06.09.2025 21:37:20,Entrance 1,Entrance 1,2
female,06.09.2025 21:32:04,06.09.2025 21:38:09,Entrance 1,None,1
male,06.09.2025 21:35:08,06.09.2025 21:38:14,None,Entrance 1,1
female,06.09.2025 21:28:17,06.09.2025 21:38:17,Entrance 2,Entrance 2,1
female,06.09.2025 21:33:34,06.09.2025 21:39:11,Entrance 1,Entrance 2,1
female,06.09.2025 21:35:41,06.09.2025 21:39:28,Entrance 1,Entrance 1,2
female,06.09.2025 21:33:52,06.09.2025 21:39:29,Entrance 1,Entrance 1,1
female,06.09.2025 21:30:12,06.09.2025 21:39:34,Entrance 1,Entrance 2,1
male,06.09.2025 21:33:48,06.09.2025 21:40:12,Entrance 1,None,1
male,06.09.2025 21:36:26,06.09.2025 21:40:33,Entrance 1,Entrance 1,2
male,06.09.2025 21:36:24,06.09.2025 21:41:12,Entrance 1,Entrance 1,1
car,06.09.2025 21:10:20,06.09.2025 21:41:13,None,None,1
female,06.09.2025 21:34:18,06.09.2025 21:41:29,Entrance 1,Entrance 1,2
male,06.09.2025 21:38:30,06.09.2025 21:41:30,Entrance 1,Entrance 2,1
car,06.09.2025 20:46:29,06.09.2025 21:41:43,None,None,1
male,06.09.2025 21:37:03,06.09.2025 21:42:16,Entrance 1,Entrance 1,1
male,06.09.2025 21:38:24,06.09.2025 21:42:45,Entrance 1,Entrance 2,1
female,06.09.2025 21:39:10,06.09.2025 21:42:59,Entrance 1,Entrance 1,1
female,06.09.2025 21:39:41,06.09.2025 21:43:05,Entrance 1,Entrance 2,1
male,06.09.2025 21:33:58,06.09.2025 21:43:58,Entrance 2,Entrance 1,1
car,06.09.2025 20:46:05,06.09.2025 21:44:00,None,None,2
male,06.09.2025 21:40:29,06.09.2025 21:44:35,Entrance 1,Entrance 1,1
female,06.09.2025 21:35:22,06.09.2025 21:45:22,Entrance 2,Entrance 2,1
male,06.09.2025 21:37:23,06.09.2025 21:46:46,Entrance 2,Entrance 1,1
male,06.09.2025 21:40:57,06.09.2025 21:47:00,Entrance 1,Entrance 1,1
female,06.09.2025 21:38:09,06.09.2025 21:47:14,Entrance 1,Entrance 1,2
female,06.09.2025 21:40:27,06.09.2025 21:47:35,Entrance 1,Entrance 1,2
male,06.09.2025 21:40:35,06.09.2025 21:47:49,Entrance 2,Entrance 1,1
male,06.09.2025 21:38:17,06.09.2025 21:48:17,Entrance 1,Entrance 2,1
female,06.09.2025 21:39:30,06.09.2025 21:48:21,Entrance 1,Entrance 2,1
male,06.09.2025 21:38:36,06.09.2025 21:48:36,Entrance 2,None,1
male,06.09.2025 21:42:28,06.09.2025 21:49:55,Entrance 2,Entrance 1,1
female,06.09.2025 21:44:17,06.09.2025 21:50:59,None,Entrance 1,1
male,06.09.2025 21:42:32,06.09.2025 21:52:32,Entrance 2,Entrance 1,1
male,06.09.2025 21:45:55,06.09.2025 21:52:39,Entrance 2,Entrance 2,1
male,06.09.2025 21:45:59,06.09.2025 21:52:54,Entrance 2,Entrance 2,1
male,06.09.2025 21:47:48,06.09.2025 21:53:25,Entrance 1,None,2
female,06.09.2025 21:48:25,06.09.2025 21:54:36,Entrance 1,Entrance 2,1
female,06.09.2025 21:50:23,06.09.2025 21:54:58,Entrance 1,Entrance 1,2
female,06.09.2025 21:50:00,06.09.2025 21:55:09,Entrance 1,None,2
male,06.09.2025 21:45:30,06.09.2025 21:55:30,Entrance 2,Entrance 1,1
female,06.09.2025 21:53:16,06.09.2025 21:56:16,None,Entrance 1,1
male,06.09.2025 21:48:27,06.09.2025 21:56:25,Entrance 2,Entrance 1,1
male,06.09.2025 21:52:14,06.09.2025 21:56:52,Entrance 1,Entrance 1,1
female,06.09.2025 21:50:25,06.09.2025 21:58:36,Entrance 1,Entrance 1,1
male,06.09.2025 21:52:14,06.09.2025 21:59:09,Entrance 1,Entrance 1,2
male,06.09.2025 21:53:41,06.09.2025 21:59:14,Entrance 1,Entrance 1,2
male,06.09.2025 21:52:43,06.09.2025 21:59:17,Entrance 2,Entrance 1,1
male,06.09.2025 21:49:33,06.09.2025 21:59:33,Entrance 1,Entrance 2,1
male,06.09.2025 21:56:53,06.09.2025 21:59:56,None,Entrance 1,2
male,06.09.2025 21:54:50,06.09.2025 21:59:58,Entrance 1,Entrance 2,1
male,06.09.2025 21:54:58,06.09.2025 21:59:58,Entrance 1,Entrance 2,1
male,06.09.2025 21:56:47,06.09.2025 22:00:16,Entrance 1,Entrance 1,2
female,06.09.2025 21:57:41,06.09.2025 22:00:52,Entrance 1,None,1
male,06.09.2025 21:54:09,06.09.2025 22:00:59,Entrance 2,Entrance 2,1
female,06.09.2025 21:58:40,06.09.2025 22:02:07,Entrance 1,Entrance 1,1
male,06.09.2025 21:56:36,06.09.2025 22:02:39,Entrance 2,None,1
male,06.09.2025 21:53:57,06.09.2025 22:03:57,Entrance 2,Entrance 1,1
male,06.09.2025 21:59:32,06.09.2025 22:03:59,Entrance 1,Entrance 1,1
male,06.09.2025 21:59:29,06.09.2025 22:04:10,None,Entrance 1,2
male,06.09.2025 21:54:46,06.09.2025 22:04:46,Entrance 1,Entrance 1,1
male,06.09.2025 21:55:41,06.09.2025 22:05:02,Entrance 1,Entrance 1,2
car,06.09.2025 21:18:20,06.09.2025 22:05:15,None,None,1
male,06.09.2025 21:58:14,06.09.2025 22:06:52,Entrance 1,Entrance 1,2
female,06.09.2025 22:03:23,06.09.2025 22:07:27,Entrance 1,Entrance 1,2
male,06.09.2025 22:02:21,06.09.2025 22:11:34,Entrance 1,Entrance 1,2
male,06.09.2025 22:09:24,06.09.2025 22:14:27,Entrance 1,Entrance 1,2
car,06.09.2025 20:54:46,06.09.2025 22:15:01,None,None,1
car,06.09.2025 20:53:38,06.09.2025 22:15:20,None,None,1
male,06.09.2025 22:08:43,06.09.2025 22:15:59,Entrance 1,None,2
female,06.09.2025 22:10:46,06.09.2025 22:16:32,Entrance 1,Entrance 1,2
male,06.09.2025 22:12:32,06.09.2025 22:17:27,Entrance 1,None,2
car,06.09.2025 21:33:13,06.09.2025 22:18:18,None,None,2
car,06.09.2025 20:45:34,06.09.2025 22:18:38,None,None,1
car,06.09.2025 21:31:47,06.09.2025 22:20:35,None,None,2
male,06.09.2025 22:17:52,06.09.2025 22:20:59,Entrance 1,Entrance 1,2
male,06.09.2025 22:17:15,06.09.2025 22:22:30,Entrance 1,Entrance 1,2
male,06.09.2025 22:21:05,06.09.2025 22:24:05,None,Entrance 1,2
male,06.09.2025 22:18:05,06.09.2025 22:25:35,Entrance 1,Entrance 2,1
male,06.09.2025 22:21:11,06.09.2025 22:25:49,Entrance 1,Entrance 1,2
female,06.09.2025 22:21:25,06.09.2025 22:26:31,Entrance 1,Entrance 2,1
female,06.09.2025 22:23:11,06.09.2025 22:27:15,Entrance 1,Entrance 1,1
male,06.09.2025 22:24:13,06.09.2025 22:28:10,None,Entrance 1,2
male,06.09.2025 22:22:00,06.09.2025 22:28:32,Entrance 1,Entrance 1,2
male,06.09.2025 22:25:10,06.09.2025 22:28:34,None,Entrance 1,2
male,06.09.2025 22:27:33,06.09.2025 22:31:04,Entrance 1,None,1
male,06.09.2025 22:22:48,06.09.2025 22:31:14,Entrance 2,Entrance 2,1
female,06.09.2025 22:24:23,06.09.2025 22:32:49,Entrance 1,Entrance 1,2
male,06.09.2025 22:23:45,06.09.2025 22:33:45,Entrance 2,Entrance 2,1
car,06.09.2025 20:26:25,06.09.2025 22:34:01,None,None,2
car,06.09.2025 21:16:04,06.09.2025 22:34:18,None,None,1
male,06.09.2025 22:26:10,06.09.2025 22:34:53,Entrance 2,Entrance 2,1
car,06.09.2025 21:26:44,06.09.2025 22:35:24,None,None,2
female,06.09.2025 22:30:23,06.09.2025 22:35:25,Entrance 1,Entrance 1,1
male,06.09.2025 22:27:38,06.09.2025 22:36:12,Entrance 2,Entrance 1,1
male,06.09.2025 22:30:21,06.09.2025 22:37:15,Entrance 2,Entrance 2,1
male,06.09.2025 22:29:48,06.09.2025 22:37:40,Entrance 1,None,2
female,06.09.2025 22:35:47,06.09.2025 22:39:09,Entrance 1,Entrance 1,1
car,06.09.2025 21:07:35,06.09.2025 22:40:28,None,None,1
female,06.09.2025 22:32:53,06.09.2025 22:41:29,Entrance 1,None,2
male,06.09.2025 22:33:37,06.09.2025 22:41:35,Entrance 1,Entrance 2,1
male,06.09.2025 22:37:45,06.09.2025 22:42:30,Entrance 1,Entrance 1,2
male,06.09.2025 22:34:53,06.09.2025 22:42:31,Entrance 1,Entrance 1,2
male,06.09.2025 22:39:51,06.09.2025 22:42:51,Entrance 1,Entrance 2,1
male,06.09.2025 22:35:31,06.09.2025 22:43:09,Entrance 1,Entrance 1,2
car,06.09.2025 21:15:35,06.09.2025 22:43:33,None,None,1
male,06.09.2025 22:42:41,06.09.2025 22:45:49,None,Entrance 1,1
male,06.09.2025 22:41:26,06.09.2025 22:45:54,Entrance 1,Entrance 2,1
male,06.09.2025 22:40:25,06.09.2025 22:45:58,Entrance 1,Entrance 1,2
car,06.09.2025 21:37:32,06.09.2025 22:47:37,None,None,2
female,06.09.2025 22:40:16,06.09.2025 22:47:39,Entrance 2,Entrance 1,1
male,06.09.2025 22:41:48,06.09.2025 22:47:59,Entrance 2,Entrance 1,1
male,06.09.2025 22:42:40,06.09.2025 22:48:04,Entrance 1,Entrance 1,2
car,06.09.2025 20:02:37,06.09.2025 22:50:15,None,None,2
male,06.09.2025 22:48:12,06.09.2025 22:52:39,Entrance 1,Entrance 2,1
male,06.09.2025 22:48:37,06.09.2025 22:53:36,Entrance 1,Entrance 1,1
female,06.09.2025 22:48:36,06.09.2025 22:53:37,Entrance 2,Entrance 2,1
male,06.09.2025 22:45:23,06.09.2025 22:54:24,Entrance 2,Entrance 2,1
male,06.09.2025 22:49:48,06.09.2025 22:54:29,Entrance 1,Entrance 1,1
male,06.09.2025 22:51:05,06.09.2025 22:55:11,Entrance 1,Entrance 1,2
male,06.09.2025 22:51:43,06.09.2025 22:56:16,Entrance 1,Entrance 1,2
car,06.09.2025 21:22:16,06.09.2025 22:57:21,None,None,2
female,06.09.2025 22:52:54,06.09.2025 22:58:07,Entrance 2,Entrance 2,1
female,06.09.2025 22:57:30,06.09.2025 23:01:30,Entrance 2,Entrance 2,1
male,06.09.2025 22:57:22,06.09.2025 23:06:14,Entrance 1,Entrance 1,1
male,06.09.2025 22:58:18,06.09.2025 23:07:21,Entrance 2,Entrance 1,1
car,06.09.2025 20:50:55,06.09.2025 23:09:21,None,None,1
male,06.09.2025 22:59:26,06.09.2025 23:09:26,Entrance 1,Entrance 1,2
male,06.09.2025 23:06:12,06.09.2025 23:10:10,Entrance 1,Entrance 1,2
female,06.09.2025 23:02:08,06.09.2025 23:10:21,Entrance 1,None,2
male,06.09.2025 23:19:09,06.09.2025 23:22:17,Entrance 1,Entrance 1,1
car,06.09.2025 22:46:14,06.09.2025 23:22:48,None,None,2
car,06.09.2025 20:44:14,06.09.2025 23:22:52,None,None,1
female,06.09.2025 23:22:31,06.09.2025 23:25:31,Entrance 1,Entrance 2,1
car,06.09.2025 22:08:25,06.09.2025 23:26:36,None,None,2
male,06.09.2025 23:22:29,06.09.2025 23:26:39,Entrance 1,Entrance 1,1
male,06.09.2025 23:26:01,06.09.2025 23:32:00,Entrance 1,Entrance 1,1
female,06.09.2025 23:24:55,06.09.2025 23:34:55,Entrance 1,Entrance 1,2
male,06.09.2025 23:34:46,06.09.2025 23:41:36,Entrance 2,Entrance 2,1
female,06.09.2025 23:35:20,06.09.2025 23:42:08,Entrance 1,None,2
female,06.09.2025 23:38:00,06.09.2025 23:42:20,Entrance 2,Entrance 1,1
male,06.09.2025 23:38:18,06.09.2025 23:43:27,Entrance 1,Entrance 1,2
female,06.09.2025 23:40:44,06.09.2025 23:44:25,None,Entrance 2,1
male,06.09.2025 23:35:14,06.09.2025 23:45:14,Entrance 1,Entrance 1,2
female,06.09.2025 23:44:33,06.09.2025 23:47:33,Entrance 1,Entrance 1,1
female,06.09.2025 23:42:06,06.09.2025 23:49:25,Entrance 2,Entrance 1,1
male,06.09.2025 23:45:01,06.09.2025 23:50:56,Entrance 1,Entrance 2,1
female,06.09.2025 23:48:57,06.09.2025 23:52:08,Entrance 1,Entrance 2,1
male,06.09.2025 23:48:47,06.09.2025 23:55:05,Entrance 2,Entrance 2,1
female,06.09.2025 23:51:14,06.09.2025 23:56:42,Entrance 1,Entrance 2,1
female,06.09.2025 23:54:19,06.09.2025 23:57:19,None,Entrance 1,2
male,06.09.2025 23:54:15,06.09.2025 23:59:08,Entrance 1,None,2
car,06.09.2025 21:10:56,07.09.2025 00:00:05,None,None,1
female,06.09.2025 23:58:09,07.09.2025 00:01:27,Entrance 1,Entrance 1,1
female,06.09.2025 23:58:48,07.09.2025 00:01:48,Entrance 1,Entrance 2,1
female,06.09.2025 23:57:54,07.09.2025 00:02:09,Entrance 1,Entrance 2,1
car,06.09.2025 21:14:09,07.09.2025 00:02:41,None,None,1
male,06.09.2025 23:58:52,07.09.2025 00:02:43,Entrance 1,Entrance 1,1
male,06.09.2025 23:56:06,07.09.2025 00:06:06,Entrance 2,Entrance 2,1
car,06.09.2025 23:19:26,07.09.2025 00:07:00,None,None,1
car,06.09.2025 23:02:07,07.09.2025 00:11:31,None,None,2
car,06.09.2025 22:32:26,07.09.2025 00:13:37,None,None,1
car,06.09.2025 22:05:43,07.09.2025 00:18:23,None,None,2
car,06.09.2025 22:55:21,07.09.2025 00:23:45,None,None,2
car,06.09.2025 21:55:43,07.09.2025 00:55:13,None,None,2
car,06.09.2025 23:10:59,07.09.2025 00:56:16,None,None,1
car,06.09.2025 22:55:23,07.09.2025 00:57:55,None,None,1
car,06.09.2025 23:13:04,07.09.2025 01:04:19,None,None,1
car,06.09.2025 23:32:40,07.09.2025 01:17:18,None,None,1
car,06.09.2025 23:57:45,07.09.2025 01:46:31,None,None,1
car,06.09.2025 23:51:02,07.09.2025 02:02:44,None,None,1
